iso3,period,admin_level,service,admin_name,pop_total,pop_covered,pop_coverage_pct,area_coverage_pct,tiles,tests,devices,d_median_pop,d_mean_pop,d_median_tile,d_p10_pop,d_p90_pop,divide_ratio,u_median_pop,lat_median_pop,pct_above_bb,pct_above_hi,density
KEN,2026Q2,ADM2,fixed,Ainabkoi,156784.81050477925,51738.62702178955,32.999770102227096,3.9381048985855784,53.0,442.0,125.0,26.845654518868926,36.693275669860675,15.747,8.026430893425013,90.68240016618668,11.297973080472255,21.01439639581171,16.0,84.90353440254151,51.33764781793737,311.57265994838775
KEN,2026Q2,ADM2,fixed,Ainamoi,198557.0230038166,62589.79455947876,31.52232724514392,7.300677542058696,48.0,571.0,159.0,12.729769137319773,27.580823344175702,10.1785,5.33746157787355,53.21390516557908,9.969890066502277,14.438397375670627,20.22773788387743,62.836077677596435,38.057704994362105,807.6744780767712
KEN,2026Q2,ADM2,fixed,Aldai,197741.7975576541,6946.1920166015625,3.5127586086478826,0.9597912041288079,12.0,46.0,13.0,21.676744239339648,62.907775469536084,23.593,4.518300274388642,193.81287292261834,42.89508468952799,20.69592497356517,23.0,57.16065164463262,47.38589981799395,422.9680394959414
KEN,2026Q2,ADM2,fixed,Alego Usonga,258048.46224261052,30474.246002197266,11.809504981101636,1.4141834312378108,23.0,73.0,36.0,5.158489292196823,9.49423370247645,5.501,3.2212790848361665,26.977910059936004,8.374906162875389,5.418783982704244,15.15185484175966,13.231764341477481,12.04720637933513,424.31876401690766
KEN,2026Q2,ADM2,fixed,Awendo,124820.43625698787,9950.468872070312,7.971826705992026,0.8558321221487285,6.0,15.0,9.0,9.50853882483538,36.23677833513779,10.196,8.043339917913242,156.97835362545845,19.516563421104898,36.716118974683845,25.32366271825562,41.83882482571358,15.694083442425724,476.2583684513385
KEN,2026Q2,ADM2,fixed,Bahati,271498.25693234976,197036.98867797852,72.57394242758434,19.689622322086656,157.0,1333.0,351.0,11.861200594256271,14.465417213692186,10.998,4.552299169599049,27.65146887598477,6.074176552509007,10.729554582817459,17.071733298534777,58.92790907824496,11.73069551060556,910.5945837221406
KEN,2026Q2,ADM2,fixed,Balambala,57223.70039098035,9626.773834228516,16.823053679600726,0.08496011685945686,11.0,34.0,14.0,9.88561183658165,13.518368139239314,14.273,7.865807749969623,22.431223487149158,2.851738079567961,8.036614602360482,32.86490569536232,45.1748673079374,0.0,11.82043155037511
KEN,2026Q2,ADM2,fixed,Baringo Central,96563.33628130083,10660.50717163086,11.03991181557304,0.7912526624132182,14.0,32.0,19.0,8.158755219973326,32.261371637861096,11.936,4.627513962716201,89.69310355953395,19.382567893298585,13.649944077485145,23.17377771740908,47.44404526876676,29.347607530978042,145.96295498820373
KEN,2026Q2,ADM2,fixed,Baringo South,114457.61849537256,3249.9906463623047,2.8394707919715274,0.08186157682915177,4.0,7.0,4.0,113.78400912530054,114.92960004478489,32.0705,17.086587979710696,145.43,8.511354061600212,19.218911790252637,20.013202243881036,100.0,77.97478261409697,62.64806916241002
KEN,2026Q2,ADM2,fixed,Belgut,150269.656213522,24633.4853515625,16.392854001449336,4.00511417772058,41.0,284.0,57.0,14.17248536573045,28.391362196118106,14.289,3.156707840618176,61.89249422743547,19.606659010710064,13.131206101174456,14.661186649575532,66.89638854785956,31.244723546601566,392.58837309996966
KEN,2026Q2,ADM2,fixed,Bobasi,211521.2663421631,16095.814819335938,7.609549194594396,2.6452442597598442,17.0,55.0,24.0,6.820776000759189,14.349217011528063,6.099,2.734159454038821,14.055330789625383,5.140640487833749,6.6429903888782835,20.89878742091381,20.235430142167125,3.9862590325476925,880.3888966678927
KEN,2026Q2,ADM2,fixed,Bomachoge Borabu,119652.02374267578,14147.406066894531,11.823791712307358,4.9198851642052,15.0,28.0,18.0,5.3644948901949245,6.436940268923692,5.459,3.7376937378788493,11.862844341427795,3.173840655055914,4.780493710093487,14.0,16.518536940655878,0.0,1049.7853561618404
KEN,2026Q2,ADM2,fixed,Bomachoge Chache,107638.61346435547,24328.90509033203,22.60239546692837,9.548191971016061,26.0,98.0,37.0,5.546948901600213,10.617017347644225,5.547,2.4662520841435565,30.207766100866426,12.248450308499804,6.125175417483165,23.0,18.343127211516343,17.18316403561527,1057.350515276506
KEN,2026Q2,ADM2,fixed,Bomet Central,175506.43641662598,20370.174682617188,11.60651147531789,2.3693726247941083,17.0,102.0,33.0,19.800753335676628,67.16882337088525,13.53,6.179439292655147,174.8958403863049,28.302865697569892,18.604616025323423,20.509566025863002,65.75122263262222,45.41047999920213,654.2832194862293
KEN,2026Q2,ADM2,fixed,Bomet East,170681.48308563232,7940.369964599609,4.652156649362989,1.3425833949589234,11.0,52.0,19.0,15.60280817794431,19.152820041355216,11.268,7.123795495049669,44.62559735782676,6.264300735308463,15.484680296648676,17.46940207880833,62.72535676078368,22.733690065577143,557.2217784479882
KEN,2026Q2,ADM2,fixed,Bonchari,153778.33358764648,68888.69158935547,44.79739764515794,17.060249787668877,58.0,232.0,83.0,8.466717261685124,12.089223056133688,8.56,6.470011422115071,13.610141329880866,2.103572998860589,8.612605452532305,10.0,32.68755227386702,4.828361048781365,1209.8295761431764
KEN,2026Q2,ADM2,fixed,Bondo,233909.05674729214,20243.163543701172,8.654288049039177,0.5701890536507864,20.0,180.0,28.0,41.88054854190383,53.517545519805104,31.703000000000003,7.076520470268365,115.42367284138929,16.310794736811104,20.632146155976038,22.0,76.32769127425762,66.1335870403043,178.34028628003725
KEN,2026Q2,ADM2,fixed,Borabu,114628.27257481217,9113.745010375977,7.950695588148106,2.2918624731099206,18.0,97.0,23.0,27.452529562357313,56.08933092563605,29.1005,3.8874179810625207,222.9001825212574,57.33887727203794,14.422433507834427,26.0,64.86372509635234,52.67109667476381,390.3839554286359
KEN,2026Q2,ADM2,fixed,Budalangi,104407.35875091933,15592.878723144531,14.934654903342464,0.9654201678745846,8.0,26.0,8.0,9.089970367259602,11.726113671200434,10.749500000000001,5.94,24.59082527629969,4.139869575134628,9.40479568027571,26.615675640963374,45.635595597942604,13.956619609315988,336.9548380382325
KEN,2026Q2,ADM2,fixed,Bumula,248683.63918304443,3131.9820251464844,1.2594242369282598,0.7579230764971512,7.0,11.0,7.0,46.048954480055315,45.68983441067659,51.857,18.303409843474842,77.68432603072304,4.244254305348327,23.97396924219219,29.0,100.0,62.37337396812733,720.1455313625844
KEN,2026Q2,ADM2,fixed,Bura,402643.96095177025,116859.19393920898,29.02295955537917,0.03023440705464977,11.0,275.0,20.0,17.394232186736694,18.40603252428486,15.19,9.429647204117444,25.216822741885032,2.6742063829147433,18.419687401914636,12.5209824249817,76.17503871028336,9.191795913183942,29.59938414347858
KEN,2026Q2,ADM2,fixed,Buret,219114.62023634464,36498.50128173828,16.657264240227207,4.50111659478409,38.0,338.0,58.0,19.278187239305097,39.11127331857317,9.8935,3.079611262327617,117.43787528828445,38.13399331431303,15.496833011460664,18.082781699633834,61.2598043769786,42.66277602452352,694.1726931493049
KEN,2026Q2,ADM2,fixed,Butere,162547.8466644287,8922.1640625,5.488946329088768,1.2527530906656028,7.0,54.0,9.0,31.055449467884515,77.0470237109902,17.885,2.646292197661178,179.691,67.9029323212353,16.97868234958388,20.61048255844591,81.37420651651391,52.11220581075744,777.978692137546
KEN,2026Q2,ADM2,fixed,Butula,151701.02634429932,6531.138946533203,4.305270111825208,0.9244285075942799,6.0,39.0,11.0,17.599564562312597,40.43406981000971,37.148,6.435860634364539,139.37488438765223,21.655982362864478,35.569144330297775,16.23709562026517,86.48601610446231,29.878826017904636,625.0792953893542
KEN,2026Q2,ADM2,fixed,Buuri,145190.4952897707,21302.621212661266,14.672187163591918,1.9344118947111977,68.0,352.0,103.0,28.54050751303043,44.497684707071784,26.709,5.40610040553728,137.5550756973036,25.444417487401964,13.951356961583802,22.0,74.38124432481875,50.39320814150711,110.45706162559365
KEN,2026Q2,ADM2,fixed,Cental Imenti,180098.5463060262,21712.719856262207,12.05602171789195,1.6473891055222187,34.0,106.0,46.0,12.018292007017825,15.23347080535373,12.059999999999999,5.570099528905129,27.81420512070263,4.99348440299232,13.20713626006974,9.60620331413121,61.23652916853209,14.797329183233582,233.36748965799276
KEN,2026Q2,ADM2,fixed,Changamwe,173816.56423187256,160988.78485107422,92.61993272189756,55.282343521493594,34.0,891.0,195.0,13.421565856788435,42.90945898473535,13.474499999999999,7.815351840273196,85.89191845882287,10.990153765850215,11.782766528943801,17.0,68.57571442776336,25.112225922496506,7595.486197246227
KEN,2026Q2,ADM2,fixed,Chepalungu,245180.10913764313,5212.64599609375,2.126047669375737,0.4882028508377937,7.0,10.0,7.0,10.249992850745798,10.122231487516414,9.891,3.9506501450357585,15.153987763682775,3.8358212464661587,3.8682312420043,30.77147947505708,37.655313582999725,0.0,457.3924259311048
KEN,2026Q2,ADM2,fixed,Cherangany,256723.25710725784,6371.05256652832,2.481681106073893,0.4767682983012585,8.0,22.0,8.0,15.31300008320622,38.33239265779426,16.56,11.172613541905747,125.03650904247507,11.191339302437486,12.372037050550896,23.09608455901845,100.0,30.49958187646451,409.2944450389677
KEN,2026Q2,ADM2,fixed,Chesumei,193028.95219048118,18550.063674926758,9.60999034829839,2.7670981635805045,36.0,194.0,54.0,11.566840160543972,14.316741305399205,11.721499999999999,2.78268670237217,27.07763974906702,9.73075399612325,11.123430287726888,27.0,60.966225417473694,9.478657949923338,396.7941178925524
KEN,2026Q2,ADM2,fixed,Dadaab,287577.37437664095,79036.857421875,27.48368420610176,0.04861113945129519,9.0,41.0,9.0,9.079816762479986,17.32599859475792,11.344,1.5779096480257586,55.4362914970331,35.13274132419028,9.312063041542157,31.399785754128942,44.81595574809824,16.864267810575225,41.53968643907202
KEN,2026Q2,ADM2,fixed,Dagoretti,345168.57666015625,345168.57666015625,100.0,97.53334973948395,64.0,5443.0,875.0,21.3187982075033,27.368835571277707,21.782,16.087177373929602,45.84843684650366,2.8499988394983613,23.911188581572326,8.0,95.63925826150917,30.953614889857974,14074.54956038077
KEN,2026Q2,ADM2,fixed,Dujis,237508.32135916085,176077.6932373047,74.13537859628903,3.3529700276561765,51.0,1538.0,81.0,18.059719756254665,21.334073543474595,15.419,6.782747364844728,47.158333734153025,6.952689109220948,16.69158192331528,18.92059768435618,78.24949913654908,17.647753740528202,417.61650738119477
KEN,2026Q2,ADM2,fixed,Eldama Ravine,146773.14126909227,11001.386322021484,7.495503759677435,0.3607807746586678,9.0,29.0,14.0,21.714068499364174,29.96116115879417,27.267,6.910496541002075,70.99216979704849,10.273092443622593,16.341989677878452,25.522075936065733,82.2582856691032,42.475695125503634,157.3476884550223
KEN,2026Q2,ADM2,fixed,Embakasi Central,254575.7197265625,254575.7197265625,100.0,90.06118994495799,20.0,3342.0,596.0,15.519528908632632,17.9806746680259,15.599499999999999,10.6101150894843,26.978494496881602,2.5427145953977472,14.447637101481721,13.0,94.1520648820886,13.936036716377668,30672.513829890326
KEN,2026Q2,ADM2,fixed,Embakasi East,787046.5530844332,762975.7372436523,96.94162743659223,51.60861423281444,118.0,8925.0,1965.0,21.6920661791646,28.038832739336687,23.622999999999998,14.409435412515489,44.11703303588949,3.0616767259021898,21.147705434972323,11.0,94.59819639147752,37.04555202645018,9210.33402706779
KEN,2026Q2,ADM2,fixed,Embakasi North,136146.50634765625,136146.50634765625,100.0,109.67927090539271,16.0,932.0,249.0,11.931532913834234,12.294606278905988,11.378,9.44955406238768,16.69392778317283,1.7666365706737557,12.668805406734192,15.146017953152226,87.95397336704997,5.776180435886605,24970.59981537928
KEN,2026Q2,ADM2,fixed,Embakasi South,266278.8705749512,265540.6552429199,99.72276608713365,86.9185447567181,41.0,3580.0,612.0,33.974861335163446,42.998496128159815,40.182,10.433662545169444,81.22422470915113,7.784823819777088,28.759368520975173,12.0,94.57124449865427,63.62742030749523,15104.621359232535
KEN,2026Q2,ADM2,fixed,Embakasi West,348084.474609375,348084.474609375,100.0,112.52065677352869,29.0,4175.0,769.0,16.959628536812552,19.7181205012521,16.455,12.229465931717817,31.93281275918234,2.611137145111363,16.049127994262058,13.0,96.10238286350489,23.018000114549594,36136.40119360156
KEN,2026Q2,ADM2,fixed,Emgwen,164573.2100278727,45279.717224121094,27.513419235398253,4.9508048032304,48.0,334.0,82.0,12.272318637165965,19.081715458351862,11.219999999999999,4.383630954964714,55.612032058185086,12.686294222646929,11.413694664603678,23.459650199586196,69.55442946443236,15.155748480914433,453.95321163793125
KEN,2026Q2,ADM2,fixed,Emuhaya,92610.16412353516,6837.632019042969,7.383241444127094,2.9283396366551844,7.0,9.0,7.0,8.129307852980384,17.20540499697383,8.897,3.79,57.48808879262026,15.168361159002707,5.308564659154432,26.82800245392089,37.06867466415446,16.79101991887493,1036.085129340458
KEN,2026Q2,ADM2,fixed,Endebess,127951.75637225842,2378.091796875,1.8585847231016213,0.05589624150748496,1.0,6.0,1.0,40.798,40.798,40.798,40.798,40.798,1.0,31.816,19.0,100.0,100.0,191.3354423279533
KEN,2026Q2,ADM2,fixed,Fafi,207101.65960588495,30120.36328125,14.543757562623659,0.006762155665330628,3.0,46.0,3.0,8.725222534121889,8.72522253412189,10.026,7.95,10.026,1.2611320754716981,9.398231465086756,68.79792117899889,37.34212592109289,0.0,12.48597005325854
KEN,2026Q2,ADM2,fixed,Funyula,118294.78703848459,2658.5045166015625,2.2473555962670417,0.8196069936983116,6.0,8.0,6.0,11.481500487093129,14.286414528915003,8.979000000000001,3.5085580611241727,36.69894150192643,10.459835882028347,8.55403018934575,20.77236986372669,56.2263685753117,14.968227334988516,432.1554773621726
KEN,2026Q2,ADM2,fixed,Gachoka,192951.0717830702,9074.976699829102,4.703252807028644,0.6216360070872892,22.0,129.0,28.0,9.85348204782144,24.29046095160009,13.8645,4.111937771160298,73.14778292568997,17.789126926658057,10.85632554637543,24.754720825472855,49.25894679548238,19.490600099508917,145.82790703076014
KEN,2026Q2,ADM2,fixed,Galole,201480.38940289148,57372.53857421875,28.47549518057234,0.02700168865163005,7.0,49.0,12.0,36.74323564427463,44.43934296948963,28.058,3.955121303457563,109.79,27.758946332195094,12.120678891180981,18.31615846959106,85.67779481348427,73.73244557851784,20.79793409760195
KEN,2026Q2,ADM2,fixed,Garsen,118213.14219099455,17299.72312927246,14.634348439297598,0.023468606707756287,10.0,55.0,12.0,12.200887945132504,12.983037997580706,16.481,2.7525775709640796,19.24836684611865,6.9928517361917555,13.475960243171336,34.206857870332904,59.69443671214739,5.660180067794298,7.4321020134629725
KEN,2026Q2,ADM2,fixed,Gatanga,180220.25019791513,30620.205856323242,16.990435771061577,4.42121674063648,71.0,466.0,112.0,19.986654089883615,32.74306467542448,18.58,4.471152073539577,65.53089078709952,14.656377083417372,16.535151513943966,21.0,75.42270711454766,36.681595854617136,300.2045008215435
KEN,2026Q2,ADM2,fixed,Gatundu North,117114.69406044486,12162.291900634766,10.38494101718577,2.2368092228232404,14.0,41.0,15.0,6.94128409482709,12.766795157763942,6.9265,3.497798547507876,16.047617156368094,4.587919212157532,8.59601286791399,13.0,35.099366272996235,4.759849507183158,500.5519847477789
KEN,2026Q2,ADM2,fixed,Gatundu South,125358.37527537346,27248.088088989258,21.736152873019982,6.230818463402076,37.0,193.0,54.0,21.214688735375105,26.266040838386335,15.395,7.621521279316636,51.922519324679584,6.812618822647318,27.400632923290168,6.0,73.64148889534027,39.39999329767737,564.7353136069548
KEN,2026Q2,ADM2,fixed,Gem,199594.904296875,5029.868469238281,2.5200385184969036,0.4636282277695388,5.0,15.0,6.0,8.968171829318118,10.363372529653375,9.373,7.788,19.527981753663056,2.5074450120265865,9.559601733565806,26.0,27.035618536525963,9.364652031809447,494.95147793709674
KEN,2026Q2,ADM2,fixed,Gichugu,275766.1097709354,45333.37689995766,16.439067490060236,3.0388752897292646,38.0,175.0,45.0,12.029805270754027,16.04494702836211,11.431999999999999,5.981243734697567,34.04545164245731,5.692035495052229,14.433581382459579,23.0,58.92221777161816,15.032085412826065,589.8118005319508
KEN,2026Q2,ADM2,fixed,Gilgil,264349.8813824821,110883.13247613423,41.94559569924672,4.701452337067758,159.0,1461.0,323.0,14.092640159844947,19.374870978219437,14.837,6.380078062982209,37.14599401643732,5.822184877636802,13.587700229468318,22.0,63.806487196943195,17.21611392477943,209.05431293276132
KEN,2026Q2,ADM2,fixed,Githunguri,174647.52912902832,47613.302337646484,27.26251128492641,9.956561277785699,46.0,289.0,75.0,26.89818581500978,30.699944014901842,25.0515,8.271756489194964,49.296992030526404,5.959676411524073,28.370830227488735,6.0,82.89105235157083,56.07020922849293,1011.3001837458193
KEN,2026Q2,ADM2,fixed,Hamisi,162963.6926900149,20391.157775878906,12.512699877675459,3.4015207449581712,17.0,66.0,20.0,12.092177072420654,34.3325097781286,12.156,4.348129342988294,132.42392401298193,30.45537829423729,12.766772259266638,21.196984018539165,69.49110078453337,28.80795545399962,872.0253901320716
KEN,2026Q2,ADM2,fixed,Homa Bay,141376.78380164877,32674.751525878906,23.111822639650292,1.8055856702492186,13.0,86.0,17.0,28.770251656224367,26.318566118038284,26.584,3.537937884351111,49.42402244147805,13.969725884699317,10.451334094356517,22.49891787194679,67.46318584019782,62.08147858753969,525.1748889250445
KEN,2026Q2,ADM2,fixed,Igembe Central,237352.52592188283,4271.04736328125,1.7994530905843116,0.1398383800627334,3.0,21.0,3.0,5.605739033886069,5.605739033886068,7.412,4.9,7.412,1.5126530612244897,9.363786006284364,24.504846917923132,0.0,0.0,295.88234582580804
KEN,2026Q2,ADM2,fixed,Igembe North,183361.60972645014,6806.08447265625,3.711837217621494,0.03472399172880003,1.0,1.0,1.0,1.868,1.868,1.868,1.868,1.868,1.0,2.59,105.0,0.0,0.0,170.28076517094985
KEN,2026Q2,ADM2,fixed,Igembe South,185728.42310640964,48273.346618652344,25.991361909638908,0.8465759454114543,19.0,206.0,46.0,11.964577542452522,16.66780367272866,14.3,5.31794007910396,26.483351880032306,4.980001934225364,16.180001445041484,9.66106585685273,59.75565483412826,9.334912986129224,221.31425394035244
KEN,2026Q2,ADM2,fixed,Ijara,156120.48230473755,14309.644775390625,9.165770284682493,0.022721773168923484,5.0,20.0,5.0,3.7655312767515285,3.7655312767515285,31.772,2.839,6.552,2.3078548784783375,6.874452359534402,23.750462893414618,0.0,0.0,18.98922011840384
KEN,2026Q2,ADM2,fixed,Ikolomani,118467.9327545166,8372.9072265625,7.067657071312643,2.3437091832941235,9.0,48.0,14.0,26.484398764570216,27.968862346767086,26.196,2.641193307245647,67.19137561804408,25.4397796002725,13.201906748394723,16.265840912976977,64.57445968895728,55.40859642306346,825.0483150595556
KEN,2026Q2,ADM2,fixed,Isiolo North,241954.25961782274,113340.72790718079,46.843865483586605,0.07564807522531472,31.0,211.0,59.0,10.895237403560545,13.4114371106096,13.369,6.778194280938749,20.279082467173417,2.991811923154976,13.534246159785013,26.947813453211133,56.07339959927957,4.825845750534436,15.791158807520906
KEN,2026Q2,ADM2,fixed,Isiolo South,173781.84451297516,47616.8167514801,27.400340285791398,0.040813439411821556,11.0,62.0,19.0,13.836593910923865,14.04089966185828,13.809,12.957697201411973,16.077,1.2407297184138648,14.04976708277082,21.130990944012353,100.0,0.0,17.244449746517436
KEN,2026Q2,ADM2,fixed,Jomvu,155442.1874923706,151401.60460662842,97.40058799292147,46.96581420184056,40.0,1700.0,236.0,22.985137521130536,31.905898551017994,20.346,7.2083802564525445,54.930254795915474,7.620332563164234,17.59756535935205,21.76431570656845,87.00841299501221,41.20722188836929,4904.836900865847
KEN,2026Q2,ADM2,fixed,Juja,674057.6767792132,594457.3467884064,88.19087257174287,32.218309362556596,322.0,6857.0,1619.0,22.131208733363433,29.778036711698057,22.8915,7.956668630429477,51.40975572682181,6.461216133874217,21.513566663023603,9.0,83.62471684660774,36.115667418001415,1804.357862570631
KEN,2026Q2,ADM2,fixed,Kabete,198359.06591796875,185799.60620117188,93.66832080062787,73.54059191364253,110.0,2172.0,665.0,26.02249204420453,27.362060020681035,25.1695,8.156796253302998,41.5709361072768,5.096478423185223,24.861392893282105,6.600552012317685,86.41986700868672,53.13347135583464,3548.0937603771144
KEN,2026Q2,ADM2,fixed,Kabondo Kasipul,129489.0201921463,3513.760040283203,2.7135582886249363,0.6059498403430199,4.0,7.0,5.0,24.909820325956034,54.79920963256819,44.1415,8.161902398589586,215.81568008624973,26.44183543821152,11.113957592508633,27.040609331922067,30.944073987026226,30.944073987026226,524.620957197569
KEN,2026Q2,ADM2,fixed,Kabuchai,203800.73616790771,15696.298583984375,7.701786990137504,1.9192547778305231,12.0,87.0,21.0,8.022131751184649,15.504688397792947,10.916,5.202047658452715,35.30845846898424,6.78741541546859,8.494026621028224,22.750815471127062,42.7145620169236,26.51296995072365,871.8244566321932
KEN,2026Q2,ADM2,fixed,Kacheliba,128913.41441564113,19.707054138183594,0.015287046912468192,0.009088653782577257,1.0,4.0,1.0,309.452,309.452,309.452,309.452,309.452,1.0,34.726,21.0,100.0,100.0,31.35420012167869
KEN,2026Q2,ADM2,fixed,Kaiti,134233.18710708618,2544.351333618164,1.8954711487170282,0.7391789601304106,8.0,52.0,13.0,9.48189974243975,23.503612566861854,9.102,5.642693415789981,113.40416559112134,20.09752386578045,8.210213752782634,42.64644688183871,41.9634128811579,10.8801732813649,331.99114982411857
KEN,2026Q2,ADM2,fixed,Kajiado Central,206190.4494295135,59802.26540184021,29.00341192683791,0.3383408958012432,39.0,476.0,68.0,10.956267076101156,24.09985236650679,10.968,2.925771770576451,86.54148835407052,29.579029104180485,10.51072621511089,21.14964014586414,53.95960296957731,19.937554630796285,47.90201959935986
KEN,2026Q2,ADM2,fixed,Kajiado East,437476.2247632224,216479.65294122696,49.48375264470507,2.1147087700968523,185.0,3220.0,674.0,19.121869860419363,26.2785882521348,21.619,10.185143393952218,39.094785164137136,3.8384128383848792,19.80852480928021,11.0,89.97719749520165,32.013727953298485,133.83144464524744
KEN,2026Q2,ADM2,fixed,Kajiado North,411465.5295958519,375565.0317001343,91.27496829905056,55.96114494997787,168.0,4107.0,910.0,15.139040822583148,23.832376867442473,16.5415,6.224710788952195,46.39772940024801,7.4537968065273175,15.034404919336223,9.0,74.06524493394842,27.582803327200644,3667.5560182893087
KEN,2026Q2,ADM2,fixed,Kajiado South,231363.1122715846,46814.949898839,20.234405320363027,0.38843426583332796,66.0,234.0,111.0,10.153834534436994,26.438766541984638,17.1155,5.984737596917177,71.07069138827197,11.875322892165144,9.588683800533468,31.46418893938415,50.6391415474998,23.739448672064494,36.501698384630586
KEN,2026Q2,ADM2,fixed,Kajiado West,264285.58164252195,69445.58853536844,26.27672236365204,0.40891490733186076,86.0,368.0,140.0,8.017179800762644,32.92400502787049,9.078,4.799523798727668,90.89191417051734,18.937694234293073,7.8712577170041955,17.45207066529088,41.477124063494806,20.556188197062678,33.627672334970306
KEN,2026Q2,ADM2,fixed,Kaloleni,203061.5303082203,65340.069580078125,32.177473242174734,2.2830897855923467,41.0,697.0,82.0,10.415709692917915,14.50075561549251,10.594,6.348816528222832,34.01100899286958,5.357062822917955,9.096174010222349,31.0,54.19448055898827,17.885231531529453,303.7693281783479
KEN,2026Q2,ADM2,fixed,Kamukunji,266858.51953125,266858.51953125,100.0,76.491823786901,18.0,3747.0,607.0,27.516170960692286,30.662412089098087,23.393,9.550294850897114,63.45407171441627,6.644200279162655,27.67391637600684,10.0,88.38105177659999,61.1191457272962,30342.494892160932
KEN,2026Q2,ADM2,fixed,Kandara,172776.67405700684,33005.49446105957,19.102980562161743,5.696799310884769,32.0,87.0,41.0,9.936204274192148,24.45540539478867,9.881,5.905031833151416,28.678910171612063,4.856690189307009,11.184922184331127,7.680746114233728,50.017824232549,17.939803828946342,822.7904980703473
KEN,2026Q2,ADM2,fixed,Kanduyi,337397.37573312223,128632.87176513672,38.12503623824388,6.8006666530863855,58.0,618.0,112.0,12.051706329414928,18.836681638089726,11.232500000000002,4.455452652544821,39.70590677826371,8.91175597064978,12.33308943204599,21.0,64.56235000456061,21.897833472946324,1058.0882967693133
KEN,2026Q2,ADM2,fixed,Kangema,111095.76217249807,6511.3807373046875,5.861052311963516,1.594360928808854,15.0,142.0,25.0,22.655483826888847,35.98796280682587,19.087,9.343236984944847,91.77812798760031,9.822947671720872,20.9314311852583,22.0,84.92609502833385,32.70444428160228,315.84057902040433
KEN,2026Q2,ADM2,fixed,Kangundo,96558.36842918396,7876.5657958984375,8.157310364740805,2.1845814665129564,10.0,24.0,12.0,7.846878372009325,41.214803433287145,9.413499999999999,3.50225509830174,182.5870070914379,52.13412557525441,8.195886611038741,15.085201067497223,35.99999664777007,18.998180224921946,564.4177806727033
KEN,2026Q2,ADM2,fixed,Kapenguria,223574.8926899259,24150.003051757812,10.801750930616008,0.2525552222546634,12.0,50.0,16.0,13.42984524465502,22.805283969210482,14.112,7.930401689803728,77.85452173872054,9.817222983650325,9.487581675188814,21.011800756591747,48.941302763022,41.565499244137186,125.89826935447941
KEN,2026Q2,ADM2,fixed,Kapseret,213822.2742126286,107215.83560180664,50.142500820653204,8.799654482513573,84.0,1627.0,282.0,15.01092701696366,27.787878655213568,12.733,5.804906425715841,47.73710962831526,8.223579525216634,14.60621006572061,15.986050220736727,74.41238528088911,25.66562108206049,599.0749412048615
KEN,2026Q2,ADM2,fixed,Karachuonyo,189705.84586767343,11115.0078125,5.859075012508108,0.5001383597036505,10.0,31.0,13.0,8.868806878844413,36.939454081222266,6.413,3.888242004561016,129.135,33.211667341827244,9.644847885138276,25.676719947105354,50.220646190468834,24.128720050347184,253.74788607065662
KEN,2026Q2,ADM2,fixed,Kasarani,1050544.2400513142,1013173.709602356,96.44274567179266,53.18807454307392,194.0,5878.0,1431.0,15.802571136814008,19.62927312275431,14.060500000000001,6.94941147533778,33.93314320546921,4.882880129618439,17.013873645011966,10.0,74.30336426366596,20.330448494237487,7706.334321392813
KEN,2026Q2,ADM2,fixed,Kasipul,143296.12113833427,19708.19073486328,13.753471188405383,2.463988152630618,17.0,60.0,29.0,8.999679674578342,11.29125437826942,10.199,4.634125499708826,24.196586018686762,5.221392044778911,8.138847400968409,22.129340879502024,49.48028842924975,7.500567553399032,555.4843349259786
KEN,2026Q2,ADM2,fixed,Kathiani,118489.85164642334,10594.77505493164,8.941504194423935,2.901967051729204,16.0,47.0,19.0,18.041989412087673,42.7369686200049,11.387,5.150410951314515,154.82268747493262,30.06025906251577,9.305561391196031,20.0,56.22746121348779,39.05558156477813,575.1028475497809
KEN,2026Q2,ADM2,fixed,Keiyo North,116102.33681794124,25308.699001312256,21.798612926282907,2.0692319717228598,30.0,96.0,36.0,15.124024780831618,37.22775025140358,9.491499999999998,4.180052210035595,117.4068568583797,28.08741397452065,12.704793971917677,24.0,61.34171262268022,28.065711790096348,214.18920260742158
KEN,2026Q2,ADM2,fixed,Keiyo South,127967.79665990586,1082.4895973205566,0.8459078186658473,0.21105483037982878,5.0,40.0,6.0,74.54265583154327,97.62694629048806,37.084,10.736261034554254,225.674,21.0197944399523,27.328823125191995,10.0,89.08524523539468,84.16401610789637,144.4650224316642
KEN,2026Q2,ADM2,fixed,Kesses,215655.26595312997,89304.99772644043,41.410997933085376,4.009876323415855,72.0,999.0,232.0,18.48757512941607,35.532521764867575,20.3735,6.80203041383337,84.34830736653109,12.40046019126744,18.183372548918566,14.357466770083368,79.02871016947137,39.40172796232536,321.2158830967514
KEN,2026Q2,ADM2,fixed,Khwisero,120975.40441894531,1102.713134765625,0.9115184529136693,0.5181210159781711,2.0,25.0,2.0,35.60323833839567,35.60323833839567,36.9745,30.615,43.334,1.4154499428384781,22.542622824477057,24.21562413108017,100.0,100.0,838.1335564951611
KEN,2026Q2,ADM2,fixed,Kiambaa,313345.12979507446,280800.59368896484,89.61383694477922,51.841668768909926,123.0,3167.0,756.0,22.565065962562677,30.194550940601275,24.464,8.194489375814465,56.5013840108337,6.895046343899607,22.80631014787178,9.0,87.09330813520421,48.82716728422198,3533.4113532064725
KEN,2026Q2,ADM2,fixed,Kiambu,164698.97661972046,143800.28840255737,87.3109787042473,48.3758483458816,127.0,2972.0,759.0,31.37998829638937,40.61467959422391,32.898,13.962612726521979,76.09285636951218,5.449757710816817,30.836114119369416,9.224081423682131,91.6628669290932,62.97802912119713,1678.4507114153828
KEN,2026Q2,ADM2,fixed,Kibra,136380.796875,129860.30810546875,95.21890990598361,94.07601735507137,31.0,2042.0,522.0,44.795252823867855,46.29463857821707,48.731,11.045883936662504,85.33375446204332,7.725389380456117,41.09472664132564,7.7002088319811035,91.74760134750024,66.23255152815271,11074.077450764447
KEN,2026Q2,ADM2,fixed,Kibwezi East,159531.15556914368,8838.81683588028,5.5404957134215564,0.2185013496307664,13.0,179.0,29.0,31.106417293753264,40.68359463778765,41.252,10.66,49.721036206921646,4.664262308341618,19.159369864485296,25.0,100.0,53.20802439501677,71.84276006899732
KEN,2026Q2,ADM2,fixed,Kibwezi West,149388.9337175319,18385.420135498047,12.307083046902008,0.33793545826205357,16.0,59.0,34.0,14.139002991177858,15.82738403061053,15.6755,2.1038589335033344,36.98722271240802,17.580657202532635,13.530690234533852,17.0,59.34960955872827,8.658641919762937,84.51624389667771
KEN,2026Q2,ADM2,fixed,Kieni,216585.1189553367,28235.72305202484,13.03677888315471,1.4837646273539284,72.0,531.0,134.0,14.968495612581652,45.98524445812099,23.107999999999997,5.254657526708995,178.8113515572455,34.02911619803231,16.529176625345187,21.0,76.85344886101542,29.852272293413744,119.3653819975639
KEN,2026Q2,ADM2,fixed,Kigumo,169785.92256036427,12109.33139038086,7.132117438108338,2.2455388847735094,19.0,50.0,24.0,14.374812951778551,37.9113699249269,17.006,1.8941431435560916,79.75695559630849,42.10714267696349,19.184384443403097,19.0,52.04702263627219,33.52690152366925,536.7453474706944
KEN,2026Q2,ADM2,fixed,Kiharu,163104.71318531036,42189.95858001709,25.866793028895028,6.23726418568172,51.0,474.0,149.0,29.755033768020244,43.24135315627627,30.214,7.233849348849657,97.75862359166717,13.514053013450297,19.62907835142714,13.0,86.79237148012058,61.38651448255796,533.5455592107132
KEN,2026Q2,ADM2,fixed,Kikuyu,279766.5908447169,227538.09979248047,81.33140526374517,32.856881671783455,153.0,3405.0,761.0,27.276333922868293,36.668759048001526,25.484,8.311810078300686,51.900214751865526,6.2441531102063275,27.332816607959053,9.0,85.65949476050191,54.09523783290564,1607.4938706130986
KEN,2026Q2,ADM2,fixed,Kilgoris,307637.4414950756,13272.974178433418,4.314485946160712,0.38272364281208304,26.0,128.0,44.0,16.259194643607444,43.355018271782235,31.047,5.6229398326197595,154.36472682880026,27.452672698594547,10.384534697467076,24.941251037495974,64.43414600073186,43.29931295500178,121.15839154804833
KEN,2026Q2,ADM2,fixed,Kilifi North,368479.7746831938,149579.38801574707,40.59364944639099,4.845785252597818,102.0,1420.0,386.0,21.03709614801056,33.444316369612736,25.777,9.397875825210447,63.85851216927146,6.794994247313485,19.893936186042225,19.0,87.07188796196797,39.26110616047794,469.9228513681193
KEN,2026Q2,ADM2,fixed,Kilifi South,273580.7256037893,115127.89463338256,42.08187341388788,5.879243000854417,67.0,566.0,176.0,28.869855796652402,53.10712225192941,29.492,8.571319847345952,103.94428076129337,12.126986579958158,28.602115194237296,12.33790905959541,82.44890261977592,62.68864485450294,644.9795244368732
KEN,2026Q2,ADM2,fixed,Kilimani,254041.10034179688,254041.10034179688,100.0,97.86961489728245,77.0,9796.0,2187.0,66.27278120079708,60.89563548578344,74.43,18.27885452679721,108.90028409467413,5.957719283504548,50.298613452870875,8.0,99.83574975866233,75.40657852978786,8639.528400959374
KEN,2026Q2,ADM2,fixed,Kilome,140245.88826550543,11290.265520095825,8.050336205737272,0.7714222264076419,17.0,102.0,32.0,11.827368418594952,23.421461976630745,17.056,5.006294014957319,64.56293741770926,12.896353515157996,8.129404964596738,23.74375420720813,73.32443922837538,18.643679932552953,170.36924887125704
KEN,2026Q2,ADM2,fixed,Kimilili,182762.0126800537,17767.417236328125,9.721613904215461,1.0531306900762059,5.0,28.0,7.0,9.420235739418773,51.191373934581456,12.694,7.119,219.74774526902425,30.867782731988235,11.700867732002342,25.578070471998092,49.483410741815476,18.854683196365347,1029.6587409519934
KEN,2026Q2,ADM2,fixed,Kiminini,282969.5826539995,59815.30056762695,21.138420605710824,3.8546905612065157,38.0,201.0,60.0,16.602053227795494,29.754180497775792,14.2775,6.561994196797694,72.98624422407138,11.122570675190365,18.928259535088046,20.0,79.85241320633754,35.221743233913436,767.8676995923084
KEN,2026Q2,ADM2,fixed,Kinango,372299.19571403094,44423.64665603638,11.932243520117325,0.28479513722723565,37.0,187.0,52.0,17.022956561102163,84.53503830263215,14.973,7.013407397639512,338.63436972529126,48.283858405154774,13.114735307450205,36.0,74.36914213818567,37.87679370682436,76.98540770737276
KEN,2026Q2,ADM2,fixed,Kinangop,156269.5008251965,14605.197067260742,9.346159672960212,1.1084864630496418,16.0,106.0,26.0,7.185935452372751,10.38115538853907,7.2115,3.216865810344574,17.193084208482148,5.3446693838436845,8.987112090734124,27.139040119956505,28.837992919467943,8.307520324589191,289.5794056537745
KEN,2026Q2,ADM2,fixed,Kipipiri,157122.10278604258,5852.93896484375,3.7250895074984167,0.3973612005589396,10.0,18.0,12.0,12.394969657174881,49.33036200480195,79.013,7.721,164.81220871208015,21.34596667686571,13.601360274491388,25.0,60.01638401906023,38.801665676879594,166.97841332932944
KEN,2026Q2,ADM2,fixed,Kipkelion East,153648.39527912784,11602.101303100586,7.551072226965625,0.8446358259325204,17.0,61.0,25.0,14.393852561561019,38.96677332636969,14.386,9.878138471612663,127.68423785195858,12.925941281233467,14.264410098202994,19.0,89.68463754239579,37.354711756002104,204.15783461094924
KEN,2026Q2,ADM2,fixed,Kipkelion West,154092.87141729146,1499.1300964355469,0.9728743988265525,0.31881009037253955,3.0,3.0,3.0,17.217272173647324,25.85321617969161,19.496,1.236,61.153,49.476537216828476,6.069585819380904,113.36175582159224,58.08338148578394,33.634660970275014,437.9332142301413
KEN,2026Q2,ADM2,fixed,Kirinyaga Central,268516.64399510034,97651.78005981445,36.36712369367923,8.509022302680686,54.0,488.0,113.0,15.128681593119637,26.774094138558425,11.5495,3.7131470920132967,57.492341604063334,15.483453841008638,26.366330548243983,13.0,71.68933837470321,31.51591894187899,1131.620949799806
KEN,2026Q2,ADM2,fixed,Kisauni,196170.58261203766,175094.3445892334,89.25616790133805,31.623688074308692,76.0,2139.0,415.0,18.74786179528867,32.24490872715381,18.874499999999998,6.486664752303569,89.73468023522818,13.833716349123987,18.506643137602218,18.093406768453313,74.30745401274903,35.527629762282054,2193.5667468089055
KEN,2026Q2,ADM2,fixed,Kisumu Central,193142.85480308533,179448.02450561523,92.90948126896417,32.44732927314152,59.0,821.0,236.0,36.475654719515965,41.02559161108595,31.311,11.752489972537303,92.08494498887396,7.8353561844387,22.59764171949186,18.0,90.65923027495792,64.39749152266597,2840.659727385142
KEN,2026Q2,ADM2,fixed,Kisumu East,278841.03549695015,132647.23712158203,47.57091684341879,12.833876515207264,57.0,492.0,139.0,17.30988523002119,24.10633941083885,17.293,6.490187314812402,53.601676078928726,8.258879671561232,16.219360895938916,23.0,72.6052344678244,33.5559138884432,1679.0092714384432
KEN,2026Q2,ADM2,fixed,Kisumu West,208608.91532216597,52071.55750989914,24.961328919946798,5.984746997122943,50.0,333.0,94.0,14.776064099793563,35.03604241975209,14.868500000000001,7.7005729524738324,93.74295366122026,12.17350374313447,16.53945826691799,22.0,80.81413129271552,28.218342662304845,667.7619470002138
KEN,2026Q2,ADM2,fixed,Kitui Central,158119.0171265602,27458.05467224121,17.365434703065148,1.9484025522429422,38.0,676.0,83.0,8.886014235380653,15.504228662416848,10.0435,6.892176319040787,46.890456722427786,6.803432551904552,10.581995878149824,19.771010290202064,40.98435399815378,12.896806735099378,216.94209228019068
KEN,2026Q2,ADM2,fixed,Kitui East,150458.14487725467,11241.534942626953,7.471536321146266,0.18980841174019913,24.0,189.0,47.0,9.47744322336129,13.03244287159932,9.398,6.0017342738141375,17.355858862108764,2.8918072794114247,8.253599656311923,27.749515493879557,44.99545865346178,4.184659196068623,31.84136800959359
KEN,2026Q2,ADM2,fixed,Kitui Rural,129006.70706104976,3703.351547241211,2.8706658991680767,0.3177006772916403,13.0,48.0,20.0,21.52452648358839,26.91576132140922,9.171,3.719037215732965,56.691275052899684,15.243535292702552,10.864451926300267,33.29621364267264,65.22009504898804,36.37495381337657,84.36762834314453
KEN,2026Q2,ADM2,fixed,Kitui South,200625.42545063008,5382.237117767334,2.6827293229051845,0.03523923270515311,12.0,227.0,24.0,33.47977681591516,48.314973820830055,20.9555,5.636397926586243,107.34173750381974,19.044385953926543,21.760751171290146,22.438063408587777,90.02093445806246,64.7017719594535,15.773512360735515
KEN,2026Q2,ADM2,fixed,Kitui West,122974.060931921,1983.8658981323242,1.6132393149402469,0.2371825791394324,4.0,17.0,7.0,64.31627778249126,115.90327453476276,118.7025,7.145,256.465,35.89433170048985,22.738433785853925,22.815530585676754,61.69953457825642,43.583952464840756,195.09472123526874
KEN,2026Q2,ADM2,fixed,Kitutu Chache North,115005.17095947266,4257.887451171875,3.7023443516920964,0.8601864400782862,3.0,7.0,3.0,4.658497098805607,5.857100528734959,4.698,4.45,10.249,2.3031460674157302,4.552323341094295,12.522142324261367,22.435241535599115,0.0,881.951580969742
KEN,2026Q2,ADM2,fixed,Kitutu Chache South,143363.69766235352,75358.494140625,52.564558092040414,20.28646426466018,53.0,365.0,125.0,11.09424991512519,17.844262344877166,10.162,4.777226387186657,42.42190319164519,8.880027813927352,11.705303827379417,22.235310752622627,57.50108622503575,21.092235193048385,1467.6967208122405
KEN,2026Q2,ADM2,fixed,Kitutu Masaba,207699.24157714844,27477.19448852539,13.229318643572984,3.8233574637944074,26.0,490.0,64.0,10.936572442255388,22.461677528553093,11.838999999999999,3.612906360021016,40.79213926914074,11.290671610128157,8.774270381763586,21.0,55.10699475946333,29.838318984182123,816.9230727230013
KEN,2026Q2,ADM2,fixed,Konoin,183334.47685143608,13253.067077636719,7.228900589372645,0.7473816618599453,17.0,29.0,21.0,11.506490173236747,45.83137995360946,11.313,2.060658732887879,198.4141894500609,96.28677775868124,11.836405553451554,20.67674917608376,66.91773367570597,43.63291412088436,215.57274603282596
KEN,2026Q2,ADM2,fixed,Kuresoi North,220880.01089705876,7671.141830444336,3.472990516113056,0.6718565274015625,11.0,138.0,18.0,19.03850829545681,21.66046482213999,11.348,6.595695881754968,40.754849255855646,6.1790067320404845,10.978184138442868,17.308354926619238,71.08917404605852,50.31372456676596,360.7954666093735
KEN,2026Q2,ADM2,fixed,Kuresoi South,189766.23927497864,3356.187789916992,1.7685905579093792,0.35589968883015094,5.0,8.0,5.0,39.41871416273312,42.77187980659817,35.925,7.291065804250536,83.40114948119728,11.438814532791103,9.0788359494173,24.772582684948,84.23707248486335,84.23707248486335,361.262256880565
KEN,2026Q2,ADM2,fixed,Kuria East,136504.77958476543,3387.5087280273438,2.481604481785783,0.3142590464977707,2.0,2.0,2.0,45.36189143943014,45.36189143943014,75.087,33.646,111.66749143943015,3.3188935219470412,39.636124191745715,19.141356282901356,100.0,100.0,573.8994171017265
KEN,2026Q2,ADM2,fixed,Kuria West,221359.93818994612,30233.715270996094,13.65816936805111,1.6423492875646217,15.0,64.0,27.0,9.629588579379183,23.540847318285014,8.936,4.552335058101741,78.0862271175648,17.15300524257229,12.449597145640762,29.568204944767697,37.22539217793938,34.48142262132008,648.4524580331371
KEN,2026Q2,ADM2,fixed,Kwanza,217928.30970501938,22630.634048461914,10.38443976328454,1.1252253843634143,14.0,74.0,22.0,10.85970379990647,21.3657806029796,9.019,3.0719560387395672,59.21067132753478,19.274582897947035,16.90448784489142,23.512559344869302,59.233858102301504,31.89533856705941,468.58320458530824
KEN,2026Q2,ADM2,fixed,Laikipia East,327953.92566040263,52858.7331199646,16.11773148118983,0.7079163417297463,61.0,522.0,129.0,15.542080505658017,22.48925004454958,12.211,4.112399401126371,56.21826137956683,13.670428354835588,12.727587799793536,21.84068895433014,67.63524985493879,32.003527150982094,101.78490614880297
KEN,2026Q2,ADM2,fixed,Laikipia North,110735.22096093427,4121.6673438554935,3.7220924906173765,0.5475934868056198,72.0,315.0,109.0,32.71740369124274,52.77013553847261,36.5745,11.215814910834018,109.65444414578988,9.776770124823313,18.516661231554117,24.0,97.43407702930828,62.72893789804977,22.523406939200186
KEN,2026Q2,ADM2,fixed,Laikipia West,191957.12801747987,61615.64910459523,32.09865126706023,2.380563285371297,89.0,963.0,197.0,22.16439367116188,49.115999258155966,27.497,4.603895988399084,116.93519924557424,25.3991835480706,16.96974873941891,16.0,71.53042894306783,45.76687099666277,137.3115963398529
KEN,2026Q2,ADM2,fixed,Laisamis,130270.19690357268,9221.510944366455,7.078757201228698,0.009302108655963408,6.0,28.0,7.0,3.4699292477772685,42.29573136941536,102.23599999999999,1.444,186.32548894281396,129.03427212106232,37.5412531397549,22.183425268082626,24.24775985255988,24.24775985255988,5.410268964613077
KEN,2026Q2,ADM2,fixed,Lamu East,12633.474324009192,2395.112060546875,18.95845908354048,0.06933666291614024,4.0,14.0,5.0,10.29587241405569,10.756631634013488,44.813,6.021,48.955325516298664,8.130763248015057,14.457144098605923,28.731301448700403,44.612177823980744,0.8484323153137069,5.8641955606154115
KEN,2026Q2,ADM2,fixed,Lamu West,147919.3230610103,25160.805751800537,17.00981672382505,0.633046483469781,66.0,967.0,141.0,11.18697332796701,30.83296212860783,12.533,5.6128522683001485,54.349540348298355,9.68305199394783,7.196195664828574,35.72022669899522,69.18181127917296,16.593861935392727,38.00596068483824
KEN,2026Q2,ADM2,fixed,Langata,362682.0227846362,347570.99953794497,95.83353397814695,37.636516157421696,212.0,6074.0,1500.0,50.22440013767692,59.10148105663002,56.0075,15.13824412171728,117.51148275377496,7.762556992008957,39.28476234475363,8.0,96.76849473832381,76.81524732256494,1722.8504644616633
KEN,2026Q2,ADM2,fixed,Lari,146268.633316704,22903.571990966797,15.658567029457018,2.2443497107887724,28.0,292.0,62.0,10.338596288153067,18.62481501647455,9.394,4.342897709216543,40.85879823155291,9.408188027280021,10.387692667564373,11.79776081071969,51.60297398047451,30.14956929771201,313.63436376291673
KEN,2026Q2,ADM2,fixed,Likoni,322268.30357575417,265452.2123641968,82.36994126287016,38.56971584411761,54.0,1597.0,172.0,8.885345949612088,15.490571536166057,8.91,3.752548869920109,33.8756263036875,9.027364460255171,8.314989451330549,39.0,45.86457577635307,21.602832420760336,6187.3037156102655
KEN,2026Q2,ADM2,fixed,Likuyani,182291.79442164398,12491.335876464844,6.8523851641792355,1.6138803202578151,13.0,40.0,14.0,9.44941778134642,37.070282458116154,13.974,4.013,141.01249039379883,35.138921104858916,11.363948165642919,27.440060389837285,41.98831333099909,23.39368934718152,605.3142175536703
KEN,2026Q2,ADM2,fixed,Limuru,180244.15876518388,92040.62096786499,51.064412626970324,13.228177379877621,101.0,542.0,185.0,19.745319785145078,47.98914903341135,23.126,6.088782102522517,107.43530468205638,17.64479379834386,20.885888736931882,8.0,80.04438379652694,39.315777826091356,631.5720339909294
KEN,2026Q2,ADM2,fixed,Loima,136334.12900673243,288.9458792209625,0.21193950577605836,0.01147406274321921,3.0,5.0,4.0,4.286306171744339,4.72766411212554,6.261,1.848,30.567986071641982,16.54111800413527,3.5794439639155566,77.4825899002916,1.2766084777012248,1.2766084777012248,13.987951312137747
KEN,2026Q2,ADM2,fixed,Luanda,122901.43356323242,24500.456665039062,19.93504547075413,6.2759307489028116,14.0,60.0,21.0,10.22042393337071,16.20017648431245,9.447,5.434990059175154,53.68712954300156,9.878054781787299,11.05099415841024,17.63878731485793,52.74102932268915,13.673724403861453,1473.3963650938756
KEN,2026Q2,ADM2,fixed,Lugari,204070.51146679104,7756.5755615234375,3.800929152267885,0.9161818087756811,9.0,27.0,11.0,18.960430278344298,57.70426757289658,46.258,2.568443372795116,185.85614420255737,72.36139452056476,19.954382597192954,25.99308190532804,56.44415593166904,50.5841587525038,555.6293241432622
KEN,2026Q2,ADM2,fixed,Lunga Lunga,242236.9621436826,3869.5257415771484,1.5974134200386574,0.12879053935914575,7.0,62.0,10.0,23.213811045605674,41.29138986999177,23.994,16.31414711016866,122.22613853885741,7.492033614351405,21.972380889027917,38.19940280188153,96.19766676823745,22.958009144715408,119.94942461282278
KEN,2026Q2,ADM2,fixed,Lurambi,215332.5467967987,114628.62191772461,53.23330059616829,16.442880663848452,71.0,619.0,153.0,13.304719993033379,21.839371624185976,11.311,2.8438020716891033,43.188777704451105,15.1869844017656,14.202375455666127,21.0,59.630690983535736,25.121886909541484,1333.68265522289
KEN,2026Q2,ADM2,fixed,Maara,126770.78049123682,27986.164916992188,22.076195167802698,3.0253528257299585,41.0,244.0,68.0,11.081278445681193,14.392303904900082,9.257,5.168004921023427,28.36838753576227,5.489233847351763,21.13428397060713,23.19241755240038,53.97717204505364,12.694172756765965,250.16807598056056
KEN,2026Q2,ADM2,fixed,Machakos Town,238825.14219614182,85755.10530757904,35.90706762236543,5.727543430710122,116.0,1965.0,292.0,14.035523133894387,19.287849062431622,10.646999999999998,5.163881660230461,27.79695412755445,5.382957231888596,12.096502772560978,21.0,64.43376197068437,17.907457432308217,315.5893601413693
KEN,2026Q2,ADM2,fixed,Magarini,261314.41840866447,40260.88306903839,15.4070652948339,0.21381571197746965,40.0,510.0,133.0,31.8010457761584,52.57216860366089,34.4655,7.870865227280732,155.34325589380876,19.73649038677258,23.653623356281205,19.0,83.68219274506649,60.06236967606653,37.464788862023056
KEN,2026Q2,ADM2,fixed,Makadara,234752.11328125,234752.11328125,100.0,96.57566661659556,31.0,2078.0,435.0,17.51719063721957,22.35396934073751,17.398,7.377541194182334,44.790640976047044,6.071215300209689,17.691288073087797,15.0,75.45049423161106,27.213370616401168,19568.16128521816
KEN,2026Q2,ADM2,fixed,Makueni,277842.3096801411,27789.965782165527,10.002064053584215,0.6414547121795653,34.0,259.0,57.0,16.0121868924062,32.20385403891842,13.6495,5.7713194615563985,117.34345135859316,20.33217050974825,11.586891788673666,27.60403095294441,69.09122335648075,43.2353317698636,140.33620114704817
KEN,2026Q2,ADM2,fixed,Malava,263390.80776797794,20829.29132080078,7.9081314558059255,1.6791911097654684,19.0,87.0,22.0,9.856,37.42507664957178,9.743,3.952871060571635,160.1039303351863,40.50320080818251,7.318698420770516,19.88172820053035,45.43073227133067,17.342421973666916,622.5635199164624
KEN,2026Q2,ADM2,fixed,Malindi,252426.75399336536,157662.6170349121,62.458758646104535,4.0719591076949175,63.0,2228.0,556.0,25.37278788322012,29.531096470746576,23.665,14.851409113481495,46.54716993912771,3.1341921553338747,22.108705724097966,14.407055281434857,93.53955995788712,50.92407306042822,437.7145975581534
KEN,2026Q2,ADM2,fixed,Mandera East,188913.51217767084,80853.15576171875,42.79903265240093,0.2043324487900413,14.0,24.0,17.0,16.34329892653116,31.399708611226337,13.739999999999998,2.7521388495754717,121.12238286033852,44.01027327491929,17.362851671448816,24.73419451502829,75.69366884215002,34.24203738424011,74.08628509349454
KEN,2026Q2,ADM2,fixed,Mandera North,186875.6567455612,30858.033203125,16.512601876840208,0.0060707667041466065,1.0,5.0,2.0,7.518,7.518,7.518,7.518,7.518,1.0,7.211,25.0,0.0,0.0,30.48291221197882
KEN,2026Q2,ADM2,fixed,Mandera South,258148.15151775363,36662.52587890625,14.202126051785754,0.04711455550623318,7.0,26.0,8.0,11.106715168493533,11.352002664145855,11.178,9.402461476771398,13.580958159867949,1.4444045522993576,8.044817873453749,32.0,91.7017097975806,0.0,46.57843220034464
KEN,2026Q2,ADM2,fixed,Manyatta,202516.9796570395,68183.48483276367,33.668033637590156,5.853678153057416,56.0,282.0,116.0,17.262592204578866,31.77378025856081,16.8005,7.493706691459034,62.416093409248326,8.329134829948334,17.88803459496483,15.866550994236508,82.96843129763474,38.426772508993636,566.1749406404678
KEN,2026Q2,ADM2,fixed,Maragwa,225495.62373980135,56016.389389038086,24.84145300029202,5.986688946872759,74.0,687.0,121.0,14.836963383359299,28.95028795206502,13.582,5.8074837199891824,61.016478107050304,10.506525898132686,19.224604513772476,7.663453002912221,61.89926696894502,34.64413322951845,487.9875764692585
KEN,2026Q2,ADM2,fixed,Marakwet East,111152.38638057973,641.0758666992188,0.5767540289276469,0.04612788523364716,1.0,1.0,1.0,14.407,14.407,14.407,14.407,14.407,1.0,9.862,44.0,100.0,0.0,137.16927556724633
KEN,2026Q2,ADM2,fixed,Marakwet West,158339.02684848005,4590.009521484375,2.898849142149086,0.2915502118072907,6.0,11.0,8.0,26.653767693576867,46.57888097089472,31.540000000000003,1.539846931510482,103.73730367191065,67.3685816097004,23.486166479026274,32.9610029030473,57.350577604138664,57.350577604138664,205.8228011370053
KEN,2026Q2,ADM2,fixed,Masinga,167278.08411465096,7845.082702636719,4.689844903567742,0.5844787554694703,22.0,124.0,28.0,8.578029592796492,32.60886617836559,8.594999999999999,3.119547150578633,111.20997770605173,35.64939792156173,7.3738604415019555,23.0746549746284,37.60356197601281,17.680841821757827,118.88334205964313
KEN,2026Q2,ADM2,fixed,Matayos,186805.77435779572,66036.75952148438,35.35049157260087,7.90427550461016,41.0,361.0,103.0,13.548585694559092,28.47544185158796,10.337,6.597865221003754,38.388293854729035,5.81829009366895,22.018930728698045,15.439650824355889,69.12169086466935,19.07446049211456,963.1752895073328
KEN,2026Q2,ADM2,fixed,Mathare,131269.59765625,131269.59765625,100.0,88.033682978526,7.0,353.0,86.0,14.530982409331502,14.366470385659088,16.152,8.278048888272757,19.2865161342804,2.3298383948424104,10.15785672407773,15.0,73.51414777027435,0.0,44170.99073157295
KEN,2026Q2,ADM2,fixed,Mathioya,117662.89812779427,12737.49740600586,10.82541532520438,3.0761265452176567,23.0,49.0,25.0,15.860508209725422,66.84799218554056,22.209,4.206085219584368,252.0338808960952,59.92124927059856,20.343887187701583,19.0,76.82184159432452,40.18299925699453,420.9016850058508
KEN,2026Q2,ADM2,fixed,Mathira,167453.46594972332,45071.416015625,26.91578568410006,5.8851045332690575,72.0,642.0,138.0,10.570991730228908,16.499161342988796,9.403,5.076435103767528,29.93929893250927,5.8977015012542005,10.024891741857001,14.759162581824727,54.483823086620944,13.597029996076381,366.06405362108814
KEN,2026Q2,ADM2,fixed,Matuga,237646.26214975875,26888.33267211914,11.314435341370858,0.9524053253878895,27.0,219.0,50.0,11.878059929341962,19.94940525731018,12.297,5.771575506804063,31.05217011923111,5.3801895310256205,13.003303355165988,26.9325582500451,69.42438364493142,13.252333079382089,225.390293748703
KEN,2026Q2,ADM2,fixed,Matungu,191580.5951684937,4498.298828125,2.3479929291214385,0.5375260975799845,4.0,5.0,4.0,16.283500159353533,15.445573502070443,16.2015,11.278,18.134,1.6079092037595317,17.32564593028219,27.21721245245461,100.0,0.0,688.5340236466775
KEN,2026Q2,ADM2,fixed,Matungulu,192295.68432234973,23108.244815826416,12.017037666372964,3.6021320255584164,56.0,359.0,80.0,11.98175787580486,23.993347551705646,9.7975,5.929511624745416,45.11332272464198,7.60826954725448,12.322516792468697,23.0,53.48676650557501,18.534536579299044,330.951288819108
KEN,2026Q2,ADM2,fixed,Mavoko,544367.6802333638,430138.4129371047,79.01615554264897,14.859725667566554,335.0,6657.0,1638.0,22.485951156981162,31.60169844227095,24.276,7.213034034099982,58.50704224072079,8.111294354653785,21.796929170797892,10.091714640278255,84.79971766941897,44.54213736869782,646.1380689726732
KEN,2026Q2,ADM2,fixed,Mbooni,226282.37602615356,6493.065872192383,2.8694527546599202,0.4192745872831906,11.0,22.0,14.0,78.95435945388435,66.49395586689242,78.506,13.35417160666151,96.56958799764215,7.231417331006139,3.8897207609250217,8.0,88.64224776288242,88.64224776288242,230.8476377843213
KEN,2026Q2,ADM2,fixed,Mogotio,115475.33728633201,7548.528343200684,6.5369182031340545,0.24266144541547854,9.0,40.0,10.0,7.256736356662091,11.921519848713649,8.175,5.149503061413906,31.665553014184738,6.149244429323688,5.957877767936669,31.792364829325717,14.646783482261519,14.646783482261519,83.26479068475412
KEN,2026Q2,ADM2,fixed,Moiben,235245.04869398847,92866.65864944458,39.476562488780544,3.9528002563016766,82.0,1071.0,268.0,18.022149969215697,25.79717461792504,13.5745,6.569156754393967,51.02869331531658,7.767921397397708,13.3620985784182,12.265590276896443,74.66752611750628,32.33033961452395,303.2969524391613
KEN,2026Q2,ADM2,fixed,Molo,183757.1573849851,48982.99555206299,26.65637423278154,2.7106729617261798,37.0,430.0,61.0,17.166298400177862,20.69066075222969,12.074,6.40265983035291,36.51959768248737,5.70381664029064,17.594289754854138,14.056771155674591,68.44854412153013,19.63443448766389,360.0325299090207
KEN,2026Q2,ADM2,fixed,Mosop,189176.3937306517,1213.2454833984375,0.6413302735466295,0.12795158744407928,2.0,15.0,2.0,26.143002049521137,26.143002049521137,26.968999999999998,9.836,44.102,4.483733224888166,26.366314081065454,19.337476545459175,47.58945324672019,47.58945324672019,323.6864857735258
KEN,2026Q2,ADM2,fixed,Moyale,179099.49478884327,62728.39985656738,35.02433099017036,0.07177814811998752,18.0,75.0,31.0,17.799674694757837,24.109921069433916,9.5,6.065570586614063,67.43326819105512,11.117382483334989,12.117041836750479,36.71235620323311,61.191271819193126,19.92648266061975,19.17157606089956
KEN,2026Q2,ADM2,fixed,Msambweni,195932.3021804095,122499.02648162842,62.52109790902902,11.070473677414732,107.0,1882.0,476.0,17.133539531668045,31.562375562191992,24.183,10.624007904579745,70.14443103725698,6.602445298164684,13.876627785974234,14.0,91.74012855877412,34.59340824018273,545.2266139889715
KEN,2026Q2,ADM2,fixed,Muhoroni,167457.2203179488,1963.3252220153809,1.1724339017975105,0.39446187814953565,7.0,37.0,8.0,54.36183926786051,63.280255508626134,7.365,4.483802173697557,152.02455704620053,33.90527752049191,26.591860275470573,22.974626856586966,66.44430523095063,66.44430523095063,252.36264397953119
KEN,2026Q2,ADM2,fixed,Mukurweni,93136.48295593262,16601.809463500977,17.825248427467567,5.450913331501283,26.0,127.0,43.0,5.7720207687275025,12.457521974408904,5.912,4.584282515454329,22.27851287724401,4.8597600174377735,5.259304168242412,15.195551303130138,21.49538070619443,6.088557836698232,522.2385809573119
KEN,2026Q2,ADM2,fixed,Mumias East,142116.77674270608,11346.025085449219,7.983593032081299,1.28069149201128,6.0,31.0,9.0,12.054572388597594,22.43023587131277,19.8755,7.287,64.3245025222427,8.827295529332057,16.447802193801568,17.887296338194517,48.845353966762886,20.13740049116269,811.2675814840817
KEN,2026Q2,ADM2,fixed,Mumias West,110902.73481750488,21595.375122070312,19.472355805838703,3.785281364001111,14.0,65.0,20.0,10.32339494752215,27.39822472362252,10.3125,7.955009075236383,88.41728710899821,11.114668289221392,14.536580051287515,18.167512480482657,58.45180644747426,25.04139175432636,801.9358315689411
KEN,2026Q2,ADM2,fixed,Mvita,152456.23706054688,152456.23706054688,100.0,91.45209037368514,36.0,4381.0,954.0,38.82257648433689,43.69537646610689,40.429500000000004,22.22817317042227,72.6235506966451,3.2671848531970684,24.81522493069734,16.963290097651647,97.26199859924903,89.8627905270081,10409.350091892542
KEN,2026Q2,ADM2,fixed,Mwala,198778.44327497482,4550.755889892578,2.2893608657541464,0.36649938499544205,10.0,41.0,11.0,5.184873605980466,17.64199636312016,11.706,4.492242734339843,54.21282165922922,12.06809713215465,5.121876351345406,23.60763410050935,37.65588513975692,26.08401003093036,194.94560862330607
KEN,2026Q2,ADM2,fixed,Mwatate,103709.09067823197,17076.38915157318,16.465662787994564,0.38375684199031773,38.0,85.0,51.0,9.861330122317314,13.297378462308437,12.225000000000001,4.799880599107588,31.127123188808348,6.484978646051241,8.958144422977007,32.0,48.97240541700391,12.96529697670973,28.113120946607637
KEN,2026Q2,ADM2,fixed,Mwea,210837.894349877,58991.99440765381,27.979787309846195,5.710552055059864,66.0,634.0,136.0,14.189642356988287,16.405702535305988,12.354,5.30763799729257,28.31389851952902,5.334557204913365,17.60408660150756,18.0,70.73037689872845,13.248552652781129,487.92107559133575
KEN,2026Q2,ADM2,fixed,Mwingi East,140720.96632864705,2703.828399658203,1.9214111942235685,0.026420295770917333,3.0,24.0,6.0,30.96018793119096,31.969714797999693,31.921,13.638999880906574,82.40807727045444,6.04209091502513,11.195250320168235,29.955087968899715,100.0,93.16306882707059,33.15045005896134
KEN,2026Q2,ADM2,fixed,Mwingi North,184309.165779815,1035.2124633789062,0.5616717209906007,0.015923991082659777,2.0,6.0,2.0,55.860300518763104,55.860300518763104,55.5965,21.205,89.988,4.2437161046922895,26.725225569826073,21.496164742468878,100.0,50.38352575311211,39.24694673907319
KEN,2026Q2,ADM2,fixed,Mwingi West,159788.84133780003,10121.871505737305,6.334529633605179,0.3481858630994389,11.0,34.0,13.0,14.396049336194068,18.48504225479599,7.298,5.426088623727,39.919600656522434,7.3569754246112895,13.903988914468096,18.314768929656445,71.10149981326211,8.089920245870795,135.30492865988356
KEN,2026Q2,ADM2,fixed,Naivasha,419604.4309034545,176233.07593426853,41.99981290827157,3.6470167087765555,168.0,1295.0,365.0,18.134259101579314,27.70938991867951,17.7655,6.235463495567133,65.54401215145673,10.51148999557976,17.271013128453113,16.0,79.58234515710217,28.207821478836436,243.64850482794807
KEN,2026Q2,ADM2,fixed,Nakuru Town East,214940.90544741976,198423.01432800293,92.31514769837166,29.21122829568177,123.0,2108.0,572.0,21.293690904530457,30.937301439710126,20.464,11.429564148051778,62.1455893223387,5.4372667686485405,19.49039026407525,15.0,91.23270895377861,40.84195078843628,1365.1801175936869
KEN,2026Q2,ADM2,fixed,Nakuru Town West,261628.40930043164,241744.5308227539,92.39995437389798,22.13401139542555,83.0,1619.0,306.0,18.321632811323607,26.54478123529638,15.239,5.784413496708731,49.095262804469016,8.48750920597286,15.822851381377603,14.0,77.14802844572702,39.99756562932495,1865.914447024266
KEN,2026Q2,ADM2,fixed,Nambale,129431.75664138794,5038.8558349609375,3.8930599149032026,0.4824565116685482,3.0,6.0,4.0,13.533362496817253,14.108033128684273,13.152,10.824,18.401,1.7000184774575018,35.227691901747356,22.636728427493566,100.0,0.0,556.6953470622344
KEN,2026Q2,ADM2,fixed,Nandi Hills,138866.17237075832,28460.270965576172,20.49474719414761,4.091955041586542,43.0,239.0,61.0,13.332930330492736,17.572496555407987,13.779,2.9547847788362342,36.4419460673772,12.333198115948788,11.696926497223966,24.0,55.920248615513344,23.889727633555125,353.4062346053524
KEN,2026Q2,ADM2,fixed,Narok East,139023.66777954216,8711.356689453125,6.266096146497318,0.18267076181377753,10.0,74.0,11.0,12.177734847452205,39.85219111714955,9.8595,5.6209886204834305,143.93633687448718,25.606943296410375,18.188274507767215,26.819094663612812,63.521414417112986,34.009874009446605,67.94002696252264
KEN,2026Q2,ADM2,fixed,Narok North,314368.86440866085,80016.31301116943,25.45300189370948,0.6860366314680366,50.0,482.0,112.0,14.66030782001779,19.533927906533727,14.61,2.175845293935903,38.493932806258066,17.691484276727277,13.540746132190387,26.0,76.88839048939818,19.387975264082378,115.3943138819911
KEN,2026Q2,ADM2,fixed,Narok South,269278.9429113678,9753.682907104492,3.6221483943937205,0.10059428083816656,13.0,101.0,22.0,8.56966825781087,53.51311104709933,32.539,4.721152808681015,196.54371359342653,41.630449502086016,8.553779549924009,23.772972221935575,42.587018244058555,42.587018244058555,55.74330508384022
KEN,2026Q2,ADM2,fixed,Narok West,288430.2830357836,14333.024551436325,4.969320280997722,0.8096927066073697,118.0,536.0,180.0,28.110799441286314,45.85401601002889,29.583,4.59643951201102,115.09379312255123,25.039771071020958,14.471782790414482,33.0,68.64383405992638,53.39058598280734,52.95775995180986
KEN,2026Q2,ADM2,fixed,Navakholo,163939.44852805138,905.0183715820312,0.5520442942243857,0.1453522365678569,1.0,2.0,1.0,51.767,51.767,51.767,51.767,51.767,1.0,26.335,19.0,100.0,100.0,637.2788174038993
KEN,2026Q2,ADM2,fixed,Ndaragwa,115714.76317073585,9995.695373535156,8.638219618344307,0.556433290247878,13.0,53.0,25.0,6.828174670454933,11.504986589359667,6.997,3.598063427468858,13.521838891712374,3.758087972680523,7.29668696712791,11.96079814860911,13.296491770477884,4.684347063875573,132.45586946033248
KEN,2026Q2,ADM2,fixed,Ndhiwa,253666.24290513992,3621.7350463867188,1.4277560170830808,0.2149699646477774,4.0,7.0,4.0,10.072513825904734,21.042777784702267,13.4965,9.326,76.06220966709954,8.155930695592916,10.647686244145856,20.801600030412917,36.63691605857222,11.310397479329906,364.6442855659825
KEN,2026Q2,ADM2,fixed,Ndia,188447.9072610885,38826.83598327637,20.603484829090217,5.40653510497672,49.0,486.0,73.0,10.828620117829121,20.78195710699496,10.208,4.679930495726694,44.03727073939637,9.409812983249939,11.425095331373452,17.873785819645335,58.70238995106254,18.66393978708199,556.1313984167714
KEN,2026Q2,ADM2,fixed,Nithi,152955.40640911693,38123.466857910156,24.924563147470284,2.817210926242488,45.0,423.0,91.0,23.464924897619206,30.589489971634215,23.358,6.239236518765035,57.0364418354503,9.141573919165966,21.220973100129896,15.0,75.44655824490356,44.55247160529946,256.0939280741363
KEN,2026Q2,ADM2,fixed,Njoro,299231.98517895845,64132.91532897949,21.432506719034134,2.724672742171435,57.0,458.0,102.0,11.858423502175532,21.995800790620553,13.125,3.344669588237667,42.05006421163607,12.572262551588118,9.208989616394708,13.502107138612358,54.525532036106426,18.31319672498937,382.54266116689826
KEN,2026Q2,ADM2,fixed,North Horr,174821.0560744067,22672.787231445312,12.969139839651469,0.0018382978598794142,2.0,18.0,2.0,6.285781479146959,6.285781479146959,50.4665,2.825,82.51218147914699,29.20785185102548,1.6714391991776392,23.963678919858243,3.632108014175623,3.632108014175623,4.310947493625713
KEN,2026Q2,ADM2,fixed,North Imenti,199951.7920641025,101503.25309753418,50.763862653950746,8.655053061584056,70.0,904.0,181.0,17.72149279811056,23.427374953405682,18.4925,6.030619459139802,61.18373246193893,10.145513719856911,14.784855106660894,12.542166796724471,67.50384019268108,29.348901534396482,661.1653347925146
KEN,2026Q2,ADM2,fixed,North Mugirango,131507.0266265869,11819.918029785156,8.98805054983694,2.1952697663639174,10.0,107.0,20.0,34.398492573899546,62.97531402226106,69.275,15.280972594276186,139.0883827893944,9.102063493098136,15.406081653868458,27.0510676619015,100.0,64.67080086294506,772.1171184263021
KEN,2026Q2,ADM2,fixed,Nyakach,164769.98684245022,6151.334136962891,3.733285566651573,0.46417275348624176,5.0,11.0,6.0,12.268015582849364,22.664567637760285,36.869,4.758,58.68829466025504,12.334656296816949,13.20385142784045,34.04586729539974,50.69790813452567,37.582971241455745,409.08435748867845
KEN,2026Q2,ADM2,fixed,Nyali,414884.13037109375,410721.33740234375,98.99663721409961,91.47864809276211,56.0,4528.0,831.0,38.4826686601936,45.38986315441277,37.423500000000004,14.458094334389159,90.91639986473041,6.288269931154211,31.607986808464833,15.0,97.02264028782214,69.21374612172728,18214.65536102315
KEN,2026Q2,ADM2,fixed,Nyando,181714.6435528081,2144.4698486328125,1.180130454378933,0.24831924023026491,4.0,10.0,5.0,33.78539886309527,50.14659518755336,18.6405,10.399906612901908,105.513,10.14557187168419,18.903853351463134,22.604691846942504,89.88571873788047,37.0827631690755,301.68759645542406
KEN,2026Q2,ADM2,fixed,Nyaribari Chache,220952.22421264648,86429.73840332031,39.116935215886095,13.233460577082791,48.0,1162.0,260.0,17.410203051673854,22.418954571700485,14.3535,4.769563861492502,41.11908226095837,8.621140937630994,15.766567983136497,23.0,84.68658285157989,25.505721552133043,1629.3259426512316
KEN,2026Q2,ADM2,fixed,Nyaribari Masaba,128876.57946014404,7028.1187744140625,5.453371593081081,1.1779817418331882,5.0,11.0,8.0,15.652530869990494,25.822511255862743,14.395,4.686,73.32553846626931,15.647788831896992,10.84742102624991,27.80113502444906,79.95147642293034,29.292790720267597,812.1563116390212
KEN,2026Q2,ADM2,fixed,Nyatike,199451.18550658275,2361.729461669922,1.1841140255303093,0.09241358406261563,3.0,11.0,4.0,17.820032941640047,21.94743154458433,19.737,4.829275457366195,111.33372646913287,23.053919258076945,11.240541915376475,43.14964412617547,84.03533332469301,4.15955332033556,164.34929168746166
KEN,2026Q2,ADM2,fixed,Nyeri Town,157518.2356802225,106221.0290145874,67.43411552058424,20.088966182234554,91.0,1024.0,269.0,14.699127182836257,21.30823328882442,12.782,7.123235960007545,46.90135602525348,6.584276624918066,23.200997342933082,11.0,77.10446338784651,29.255734048544053,930.0014441654096
KEN,2026Q2,ADM2,fixed,Ol Jorok,178920.15631065078,24135.174514770508,13.489354700129885,2.212005210656233,37.0,240.0,51.0,7.276587243256229,16.320254731687168,7.703,3.875582008624325,30.04013550020942,7.751128845515632,10.997201871154843,17.03692868890907,30.693566557580326,21.084467573034598,286.060623851176
KEN,2026Q2,ADM2,fixed,Ol Kalou,70050.56546211243,14461.6400680542,20.644572920508296,2.474923281515663,19.0,67.0,31.0,15.881064315454218,25.811342906687763,11.37,6.20187198259294,47.61899682472222,7.678165069897685,19.848754921366982,22.280589362019626,77.20547438434903,42.63864145195197,244.02970129170367
KEN,2026Q2,ADM2,fixed,Othaya,94108.57796061825,10153.517061531544,10.789151511544995,1.3641573464537307,13.0,97.0,14.0,15.168639524153587,23.813651795216256,6.83,4.333475338676468,70.74801294462945,16.325929517401462,19.783611218575036,9.345236330544221,55.23436786211634,8.754088792693558,264.12129049605613
KEN,2026Q2,ADM2,fixed,Pokot South,247082.58060871117,4305.844573974609,1.7426742764976617,0.11786038400826414,4.0,7.0,5.0,14.295071461033803,34.436753671708665,39.4515,12.987,63.65422403666574,4.901380152203414,8.829394007259983,26.04516426171218,100.0,12.905440323206,194.8148009341029
KEN,2026Q2,ADM2,fixed,Rabai,165823.87432336807,25333.39663696289,15.277291487931953,1.7504074189980585,11.0,46.0,14.0,18.164520241290436,20.487960296283674,15.058,9.254067379355384,39.44679086007768,4.26264357530812,18.738165965040285,5.673061864895792,85.34903286448831,23.53453420609438,709.0343541545183
KEN,2026Q2,ADM2,fixed,Rangwe,124586.25073479116,3197.3117065429688,2.5663439486184876,0.6430352270668407,5.0,13.0,6.0,41.82795151861682,50.89800712216751,73.297,11.22,127.22604370984398,11.339219581982528,13.684023157934138,28.19013728320324,100.0,52.94664640504666,428.53467634940307
KEN,2026Q2,ADM2,fixed,Rarieda,172725.35375896146,3372.475128173828,1.9525072925195008,0.27572675313986517,5.0,26.0,5.0,16.622618767121597,50.87184571036646,71.311,13.969,169.75604538217254,12.152340567125245,10.256882005232512,19.4349026348429,100.0,28.665061703197463,254.73187568148379
KEN,2026Q2,ADM2,fixed,Rongai,217894.83110231592,80305.24648666382,36.855048869403994,5.263557957450564,144.0,1059.0,253.0,17.394646217157625,29.153182111091922,14.169,5.441054200661657,56.02334208959149,10.296413162504205,17.78397405629848,9.0,70.65587906463576,34.46924802769152,213.0012858000106
KEN,2026Q2,ADM2,fixed,Rongo,147450.31076049805,26551.547576904297,18.00711537328103,3.512034027682171,20.0,55.0,26.0,6.644086567165105,22.537801865990513,6.4565,4.198026592125322,46.3268262141755,11.035381791310131,6.46282564062493,20.0,47.88381920385726,37.63252509870737,692.5765352112719
KEN,2026Q2,ADM2,fixed,Roysambu,508949.8553161621,498333.5739746094,97.91408107681691,82.77398474433566,106.0,3812.0,987.0,28.8165680766643,41.859502988977454,32.5325,16.749176442062833,79.05623710873533,4.720007421391684,29.515790554412465,10.0,98.97183164285047,58.95474388625821,10633.31088810737
KEN,2026Q2,ADM2,fixed,Ruaraka,129016.0986328125,129016.0986328125,100.0,93.43194008313421,18.0,1072.0,246.0,27.94480212699978,25.977054832668703,25.6025,12.380641015711246,34.30820529730599,2.7711170410133277,22.390525361224913,10.866418409726677,99.64224998129342,66.09166275014901,17917.76717008947
KEN,2026Q2,ADM2,fixed,Ruiru,403054.8120664358,380586.90393066406,94.42559486622173,29.07779245395202,119.0,4948.0,948.0,28.0701411716734,33.24136083486947,25.558,13.191261743533744,59.8041427889164,4.533618083822189,27.907856924796857,9.0,96.85230831471256,56.661437353911495,2634.977796897044
KEN,2026Q2,ADM2,fixed,Runyenjes,163755.703957201,13160.33969116211,8.036568725936826,1.7081883011726735,17.0,74.0,19.0,23.971477968790253,56.88598642145671,15.574,1.9146764253510427,215.07467113175025,112.32951337577461,12.402102997107141,24.98198429326478,61.24509975072675,49.67486736692142,440.068184086167
KEN,2026Q2,ADM2,fixed,Sabatia,137552.40014648438,35369.66369628906,25.713592535370278,10.377465879991528,31.0,184.0,47.0,14.839464592815151,16.91330531261871,13.726,5.583875234957479,34.63567567565084,6.202802573169346,13.385268554922591,13.750138633202878,72.92063416287625,14.645573558853672,1231.4361255670851
KEN,2026Q2,ADM2,fixed,Saboti,250393.06393039395,71319.28295898438,28.482930732781885,2.6355382466682276,25.0,95.0,35.0,19.573076665009708,54.4646814499003,19.834,4.536182341147089,231.07052832932817,50.939426802427896,8.806923072393861,22.675501734748842,64.82799397790554,34.730303142956345,706.1538879908124
KEN,2026Q2,ADM2,fixed,Saku,111661.06742134337,72163.09928894043,64.62691155963898,0.45541715112155584,25.0,162.0,56.0,19.94490938870686,25.77023179552304,17.761,13.664519575681721,32.63845478283942,2.3885548703025727,18.62402249131653,15.516146842252269,98.37310696840352,18.907226693318357,54.4884055690265
KEN,2026Q2,ADM2,fixed,Samburu East,92075.29572054844,13837.677382707596,15.028653749541466,0.08173534923878913,22.0,64.0,27.0,9.26247533658534,20.72712877446461,26.53,4.6557001678080026,61.68461017538063,13.24926605065785,6.1566373652770725,34.36221556529689,51.8056002111159,26.035728836327603,9.15125994931071
KEN,2026Q2,ADM2,fixed,Samburu North,103023.05419123893,8376.251953125,8.130463631544439,0.013215176880828185,3.0,5.0,4.0,24.813343899104282,56.43388813991425,9.41,8.305,140.255,16.88801926550271,9.345,25.23671927916987,36.17217552133648,36.17217552133648,12.148393998948292
KEN,2026Q2,ADM2,fixed,Samburu West,197892.66268325376,59318.12286376953,29.97489753256486,0.24161186725596306,16.0,117.0,39.0,10.057516649818972,13.523073078853162,10.369,7.8021753504000095,25.915547214381295,3.3215796941878053,10.022987525646764,27.447464077124412,48.987671449765884,9.173958864017688,79.94641430518244
KEN,2026Q2,ADM2,fixed,Seme,146774.70415519923,5080.109893798828,3.461161732901285,0.5827872737143746,7.0,9.0,7.0,19.19040060644523,58.9528152945751,19.302,11.477394496258569,239.09274420754912,20.831622045011105,12.081144353871991,24.285416700355082,100.0,18.102538531873165,326.79619251275295
KEN,2026Q2,ADM2,fixed,Shinyalu,176386.563718755,22787.57064819336,12.91910799086018,1.8309559519879905,20.0,108.0,30.0,19.265649320684822,34.24514367576643,23.281,5.565174245690185,83.1011680638754,14.932356902972282,14.610978916494341,16.0,70.15027649174026,26.92387522566576,431.850578185714
KEN,2026Q2,ADM2,fixed,Siakago,126541.66865380155,4340.1455078125,3.4298152964036435,0.4854888200607807,10.0,52.0,14.0,9.76081960472099,14.415773527272462,11.422,4.762538382303768,27.78357721144449,5.833774970650174,6.742633862379051,27.03192656236748,53.234308331171384,8.757539698522313,164.30966772080515
KEN,2026Q2,ADM2,fixed,Sigor,131238.43693254812,435.2757263183594,0.33166786841729573,0.017378766723927845,1.0,1.0,1.0,15.93,15.93,15.93,15.93,15.93,1.0,11.416,20.0,100.0,0.0,61.03251002219158
KEN,2026Q2,ADM2,fixed,Sigowet/Soin,145005.8697317914,7827.530609130859,5.398078452692274,1.125914176970137,14.0,36.0,16.0,9.291393089793967,30.94595126426431,12.024000000000001,5.460867801720213,79.48351619639043,14.555107188522772,8.544234631555401,27.0,46.431173372059206,22.52191275545456,311.8846017198464
KEN,2026Q2,ADM2,fixed,Sirisia,140465.1717224121,2818.2141723632812,2.0063437347534436,0.35586937846499633,2.0,6.0,2.0,5.4969934034629855,5.4969934034629855,4.716,2.927,6.505,2.222412025965152,15.60613758693519,26.94412866168759,0.0,0.0,668.5201350103192
KEN,2026Q2,ADM2,fixed,Sotik,232258.001624465,32210.334533691406,13.868342235102793,4.324766598509437,55.0,217.0,72.0,12.726225911754726,22.799203753819164,12.727,6.2485725806381245,56.54919421949533,9.049937964187068,9.493281494665984,23.466657229570853,65.21823430649918,21.580398849668455,488.48215254877204
KEN,2026Q2,ADM2,fixed,South Imenti,231422.28525157116,68745.0063264668,29.70543923707973,7.24583426784311,128.0,607.0,191.0,10.58795964834691,14.745663856034252,8.9765,4.281804779074245,24.39111199471936,5.696455876251528,12.816571922787352,16.0,51.65509277135554,9.29450467686173,350.34668855510574
KEN,2026Q2,ADM2,fixed,South Mugirango,182087.2113571167,8018.515777587891,4.403667735820094,1.2620688304115626,7.0,12.0,8.0,5.870359019734081,13.551223932251306,6.143,2.8745564071643583,52.008844117369236,18.092824335520348,7.63733620130186,22.101268689168382,11.432776884748828,11.432776884748828,878.1189033717385
KEN,2026Q2,ADM2,fixed,Soy,243907.35136449506,44331.830642700195,18.175684494417194,2.110394432884999,37.0,347.0,89.0,14.165906215840328,25.23567988093731,15.868,6.797007270696147,72.58468503575429,10.678918256964023,10.316776801203531,21.521975338472934,74.79011233994709,24.51457841842037,372.09761673878427
KEN,2026Q2,ADM2,fixed,Starehe,204721.15869140625,204721.15869140625,100.0,95.5306828121444,43.0,5648.0,1260.0,45.67408251851157,46.77744486420546,37.926,18.47026122147377,85.070826727179,4.605826940242433,33.95946547829269,8.0,95.96658032982452,69.36744461596474,12169.407403662279
KEN,2026Q2,ADM2,fixed,Suba North,135574.19789640236,12696.04670715332,9.36464821783779,0.8907480372867316,25.0,84.0,33.0,6.204827196816464,8.176217101894144,5.715,2.5534551669826784,16.00474707830099,6.26787863176513,7.192497661683031,25.447237187308026,23.87780447317568,1.2451844777145262,129.19022227109843
KEN,2026Q2,ADM2,fixed,Suba South,137523.77103418135,1848.728912115097,1.3442977153786728,0.19101410135139335,6.0,15.0,6.0,18.37350002054313,14.537216502928262,20.445500000000003,2.852,28.465,9.980715287517532,9.246045521711851,23.02695562040371,52.40946517139419,29.099365529669935,117.10142001838463
KEN,2026Q2,ADM2,fixed,Subukia,104489.04376620059,10855.408905506134,10.389040337851736,1.8946416480922046,23.0,72.0,27.0,13.717784418532082,18.97076095704923,8.653,4.748070591512975,22.759778427108497,4.79347936987097,8.36496167012741,24.909703504031587,63.73737697790026,7.292687907203124,230.18827788090874
KEN,2026Q2,ADM2,fixed,Suna East,147668.1455078125,28762.560668945312,19.477836990526576,3.611652066583767,20.0,101.0,43.0,20.15913972940985,39.28725838366199,16.618,7.9824448625824145,90.1678474845753,11.295768281123454,10.434744093156935,20.041622356029,73.74164304845301,42.52561309421116,713.3851604050687
KEN,2026Q2,ADM2,fixed,Suna West,171372.7105398178,18830.22834777832,10.987880327307531,2.1104444618638447,16.0,142.0,30.0,14.249231570513945,13.321831866723352,10.656,4.231513422254746,18.98324570161812,4.486159869369613,7.988574779645402,24.37850176197137,69.48602321890198,4.596932089654024,604.7332821924216
KEN,2026Q2,ADM2,fixed,Tarbaj,64682.45236162726,2.023538827896118,0.0031284200799668173,0.009900813699203207,2.0,9.0,2.0,168.096,168.096,218.6515,168.096,168.096,1.0,27.888,20.0,100.0,100.0,8.576609421102848
KEN,2026Q2,ADM2,fixed,Taveta,114789.16538078332,34330.02375102043,29.907024445329373,0.2789292403214814,30.0,174.0,59.0,23.302134800333,33.15483157342702,18.563499999999998,12.884775439825427,72.99472863784108,5.66519214702201,12.792205950830272,40.13930306299577,93.05985888391632,41.811671575996826,28.64079599263455
KEN,2026Q2,ADM2,fixed,Teso North,155726.9866027832,18239.67303466797,11.712596148278633,2.061097583125763,14.0,52.0,15.0,9.918945689120003,21.42107337141723,10.303,5.998886161612952,47.26947666834904,7.8797088984331465,6.160502446046892,27.0726875829104,52.26290626656004,18.687123438919677,613.2049799268799
KEN,2026Q2,ADM2,fixed,Teso South,178867.58588027954,25600.255157470703,14.31240603571716,3.1949477997362616,26.0,83.0,43.0,9.378813813418638,10.856428310453806,10.1055,4.667370473819139,16.956268064400255,3.632938109265957,19.331448230540136,13.10930902330275,44.567785521914445,2.3620421365167203,587.8505269993395
KEN,2026Q2,ADM2,fixed,Tetu,80082.78982921706,9948.635162353516,12.422937791715016,2.297543607868284,22.0,55.0,30.0,9.42603650932845,13.809972815647322,9.178999999999998,3.8207544053988634,34.25909721947808,8.966579262741606,7.7804832685707215,8.0,47.300878419388,10.148883508831183,223.67724187993295
KEN,2026Q2,ADM2,fixed,Tharaka,130570.60391090161,5007.0935134887695,3.834778551614493,0.5059952032963262,20.0,74.0,25.0,28.28333297901023,82.53095950717447,23.938,6.098750810287813,282.9414167458966,46.393339480047395,19.836985583729547,23.092802770906534,81.61782098995339,69.53224568643041,88.34437822934923
KEN,2026Q2,ADM2,fixed,Thika Town,392053.0310795015,332214.4610052109,84.73712346783095,24.339149607418616,143.0,2338.0,589.0,20.949117528425084,30.513461638004166,18.16,6.33885421610783,64.28865763029106,10.141999711387186,21.00692096659361,10.0,74.08835193802202,35.77941094304934,1785.1498383072035
KEN,2026Q2,ADM2,fixed,Tiaty,173547.54720372276,2330.874954223633,1.34307571139999,0.016810704582551527,2.0,4.0,2.0,111.60245480395852,111.60245480395852,65.494,21.35285480395853,121.9,5.7088385192129625,25.073233147532502,22.7261582492277,90.87194164092341,90.87194164092341,39.0284152370138
KEN,2026Q2,ADM2,fixed,Tigania East,203408.59869082202,13607.060424804688,6.68952075398111,0.4488576529537322,10.0,41.0,11.0,8.010842198799674,12.550002246055502,7.3065,4.56938870157962,28.098012892838263,6.149184218695356,14.08003710303345,18.71805407371086,39.21954407021694,16.631243877226044,244.17427638800964
KEN,2026Q2,ADM2,fixed,Tigania West,141674.4411997199,4617.854293823242,3.2594829771118743,0.8610744320093286,9.0,40.0,14.0,15.629907157706851,51.621155274478575,14.402,3.6994766573441393,123.7891495671343,33.46125980316436,12.010262688222683,31.101078245653635,58.29972725220423,43.45567285027608,362.4987664743657
KEN,2026Q2,ADM2,fixed,Tinderet,121344.83577193513,5072.852582931519,4.180526143251642,1.0336438223354614,15.0,56.0,21.0,40.41533012653032,59.83943283799877,39.733,14.099656406970318,138.39912148027187,9.815779724380572,26.737680472672643,21.0,95.51684321161372,81.61552751132666,223.6215185399082
KEN,2026Q2,ADM2,fixed,Tongaren,252006.91454696655,6585.088562011719,2.613058682873741,0.7970213151659394,8.0,16.0,8.0,46.19681721909336,73.40905472207359,48.417500000000004,5.974097156152055,215.79488092639588,36.121756189413965,20.754995355195263,24.0,80.97846399999791,56.41014103880958,671.562588326891
KEN,2026Q2,ADM2,fixed,Turbo,324572.55579566956,144513.74798583984,44.524327582648915,6.4473194197948205,75.0,828.0,209.0,11.081655432899316,21.004528459066737,11.078,6.547919915248125,42.77656382709455,6.532847741078945,10.911887966589997,22.0,53.28417980284286,16.086911184974458,746.2530084864412
KEN,2026Q2,ADM2,fixed,Turkana Central,212385.01497325717,118150.04355621338,55.63012229044994,0.22540038033660842,40.0,213.0,68.0,13.491846825175534,31.706734291214588,14.219999999999999,3.150574212629813,120.85686231467014,38.36026519552758,15.582393515456053,31.0,66.8855347926273,26.730026645363548,32.10008424734195
KEN,2026Q2,ADM2,fixed,Turkana South,176554.05740183112,25228.860425949097,14.289595377878548,0.06541053542566538,13.0,74.0,14.0,43.73910927223483,45.57707448477759,35.639,3.4019791901069896,97.59672791096472,28.688220138082436,22.06069916531377,23.69789219544777,87.02927845678985,60.86306565168077,23.794870490020806
KEN,2026Q2,ADM2,fixed,Turkana West,267980.85327903624,63296.597412109375,23.61982083331958,0.03550621792712825,14.0,83.0,19.0,14.159788702750639,33.531222437098535,13.935500000000001,2.7107702156135485,109.57603852184126,40.422473985697124,11.933307400187624,29.286640257142317,59.02256082082994,34.925261162451946,18.254808462414406
KEN,2026Q2,ADM2,fixed,Ugenya,156724.03540420532,3776.092529296875,2.409389548678985,0.46703658638336426,4.0,15.0,6.0,22.86503911528699,55.35393226459773,8.83,7.1308670672279515,108.578,15.226479329421652,13.468854457860287,24.875358588234413,46.98623025013133,46.98623025013133,489.37866719346147
KEN,2026Q2,ADM2,fixed,Ugunja,120572.28909778595,9934.103881835938,8.239126880787035,1.68632150735391,9.0,25.0,9.0,11.117713743007661,20.75805142745508,11.437,3.75484589009556,76.86742206604887,20.471525148024813,11.758382845490717,24.012252967544015,50.33177058998605,12.533467148063165,604.174973235237
KEN,2026Q2,ADM2,fixed,Vihiga,98601.86338806152,25594.3994140625,25.957318183057186,8.768300391081272,21.0,216.0,36.0,24.066270682939834,24.88235815327083,22.325,9.769442458218169,32.825824896495824,3.36005099952069,22.94330727942064,17.30555206633169,86.77564341296211,48.63921103133537,1101.0175591694413
KEN,2026Q2,ADM2,fixed,Voi,123579.52601033429,46186.22974586487,37.37369064031089,0.24318220571068738,56.0,416.0,105.0,9.989629303816068,26.758130959491126,14.297,5.2613230222748,27.33770195191055,5.195974821574583,9.531907846527153,21.0,51.11019190941701,16.151008239178733,14.401341966220887
KEN,2026Q2,ADM2,fixed,Wajir East,132682.38628600287,53630.57135391235,40.420264403678445,0.20944465072501475,24.0,67.0,35.0,12.616441918950308,56.76071032651264,13.335999999999999,8.042885349812945,194.05714787099856,24.127802328490457,10.248287011908284,20.0,81.68421902196718,26.73753915385913,30.99467393227104
KEN,2026Q2,ADM2,fixed,Wajir North,119618.03697908195,35775.90185546875,29.908450898358257,0.014339211145301041,4.0,15.0,4.0,18.017669073801457,26.43330514349395,14.5425,8.245,49.847,6.045724681625228,10.258231388158443,36.31972227127897,76.97479537300383,36.53313792930867,11.501025245985526
KEN,2026Q2,ADM2,fixed,Wajir South,357714.3710837121,69105.85990905762,19.31872619478447,0.017320103564175772,10.0,75.0,13.0,15.858458806605912,12.973612705725476,13.6145,4.609853415795774,16.82944119811718,3.650754086984782,7.837298969017401,17.64477853001784,70.21792999074492,0.0,16.575087226130233
KEN,2026Q2,ADM2,fixed,Wajir West,81980.2364892162,28316.51641845703,34.54066203161274,0.03220715980935869,7.0,23.0,8.0,9.205317979677023,9.324015537142957,9.04,7.029134176661597,12.129942379935274,1.7256666432986265,8.518348723594306,16.960181939592445,14.788792648618063,0.0,10.090554921392416
KEN,2026Q2,ADM2,fixed,Webuye East,125562.85626220703,20124.62060546875,16.02752693315884,2.0508391254567186,9.0,40.0,14.0,31.282713471857974,47.65074155550316,28.922,10.178121424653327,103.94478739487288,10.21257097042476,29.69310948961673,21.181419106138076,88.25381257225095,82.68737280192141,765.2660805277452
KEN,2026Q2,ADM2,fixed,Webuye West,179915.5007003547,17617.282104492188,9.791975697432198,1.8997497479634455,12.0,109.0,33.0,21.128969504332563,23.311659558213027,15.9775,2.3270182747663046,49.60160022222413,21.31551812896934,18.792328764056943,21.009223345826086,78.07059147463524,43.7579303950759,761.8122833323417
KEN,2026Q2,ADM2,fixed,West Mugirango,161229.74182128906,23963.964721679688,14.86324077119836,3.745762292609058,18.0,67.0,27.0,18.386609049279933,28.492061294537375,20.732,4.2747158291995895,84.02886055392374,19.657180479680576,14.324033647293652,23.999377354183217,64.69364483176459,37.666622551396685,897.3624516120553
KEN,2026Q2,ADM2,fixed,Westlands,250894.52341365837,250212.3992919922,99.72812315215764,86.21679557144192,167.0,10903.0,2403.0,69.36760738212067,73.30140613567654,73.436,22.175291289577657,113.6737855077785,5.126146214873171,57.910530804481795,8.0,98.44082096768312,87.69721350785994,3465.6286579225275
KEN,2026Q2,ADM2,fixed,Wundanyi,52204.59445811163,8679.951889038086,16.626796892374635,0.7875066427079304,18.0,82.0,22.0,14.124988606382907,15.138770259081124,14.116499999999998,10.286346426973523,23.848947698365933,2.3185052017913454,10.931628730051179,37.39013996352306,92.6435518192407,7.886088857798248,61.2956238024107
KEN,2026Q2,ADM2,fixed,Yatta,194133.91090276092,19087.275451660156,9.832015109004175,1.304438822616512,37.0,349.0,53.0,13.855999890329613,22.883311349758564,14.028,4.241166395247108,42.3240851239368,9.979350296505125,14.001082295511802,18.105552141902475,62.20547820370796,36.52614510566906,183.11898284794253
KEN,2026Q2,ADM2,mobile,Ainabkoi,156784.81050477925,42207.3991394043,26.92059199071309,2.6006453176451156,35.0,100.0,54.0,19.349229931396568,71.38717992454792,18.15,3.8300958723093896,159.5363268805262,41.65335077743951,9.652708407828785,38.624699392467,78.59933118911508,50.03434859591861,311.57265994838775
KEN,2026Q2,ADM2,mobile,Ainamoi,198557.0230038166,56928.501525878906,28.671109520404446,6.388100961761173,42.0,124.0,70.0,25.353886199424668,34.04762138583007,25.243499999999997,5.789397955907657,73.182552339721,12.640788022706845,5.891722821725405,31.020424057278127,72.58913079411288,49.80824370188889,807.6744780767712
KEN,2026Q2,ADM2,mobile,Aldai,197741.7975576541,10048.169662475586,5.08145965424731,0.9597923436602148,12.0,15.0,12.0,13.216774530725864,19.10163015223304,13.5545,2.658706184424353,40.09888237537673,15.08210369776482,4.352573085143517,33.34470788334543,57.75132499393831,36.65872996634832,422.9680394959414
KEN,2026Q2,ADM2,mobile,Alego Usonga,258048.46224261052,31051.552124023438,12.033225020666688,1.8445871147432447,30.0,86.0,42.0,11.149899758534666,13.802793520939801,10.2025,1.1192142859622658,29.8504306751131,26.670880678983313,4.323302883720214,30.0,61.02981653238064,23.815284180716123,424.31876401690766
KEN,2026Q2,ADM2,mobile,Awendo,124820.43625698787,3342.6364135742188,2.677956041342618,0.713209485779662,5.0,9.0,6.0,17.2450938622961,15.750448189621416,24.942,3.735417788374938,32.72128976290828,8.759740306624014,2.3952225863895467,31.547372281591187,46.58808045283042,30.671013300190967,476.2583684513385
KEN,2026Q2,ADM2,mobile,Bahati,271498.25693234976,83222.36666870117,30.65300219936145,3.386107677687233,27.0,84.0,38.0,17.254094024921798,21.246869058537705,15.146,2.641215130517462,35.59286763420218,13.475944167875825,8.2673376792572,31.0,63.694913937933386,33.10526059328859,910.5945837221406
KEN,2026Q2,ADM2,mobile,Balambala,57223.70039098035,3153.6877212524414,5.511156565732209,0.023171337050692298,3.0,6.0,4.0,45.20563146617211,50.31110836799363,31.379,24.654184432117447,93.45,3.7904316103947457,24.914236595786917,32.4503060386959,100.0,87.45316983483316,11.82043155037511
KEN,2026Q2,ADM2,mobile,Banissa,173634.81569980594,13401.6884765625,7.718318715373554,0.012246406768188486,1.0,1.0,1.0,35.45,35.45,35.45,35.45,35.45,1.0,30.039,46.0,100.0,100.0,57.13620437694061
KEN,2026Q2,ADM2,mobile,Baringo Central,96563.33628130083,16782.55593109131,17.379842678800646,0.9608126763361563,17.0,66.0,23.0,8.01742635195086,15.952338166030232,9.186,1.8344095601086148,47.68622030567666,25.995405465970848,3.108230750274884,60.82070268038653,41.68041091562141,26.791809166032536,145.96295498820373
KEN,2026Q2,ADM2,mobile,Baringo North,110837.99161948501,878.52490234375,0.7926207336558305,0.04577542254893226,2.0,2.0,2.0,29.88372461919588,29.883724619195885,30.7875,16.395,45.18,2.7557182067703567,2.063472591302115,31.434846035974495,100.0,46.860255755413874,67.85136112056772
KEN,2026Q2,ADM2,mobile,Baringo South,114457.61849537256,12231.079382166266,10.686120804322659,0.2046534358295214,10.0,77.0,17.0,7.113024535449158,8.934519184077379,7.8445,4.396028359904855,18.287322888013392,4.159964720611856,13.250843313474759,72.80210367230958,25.16128561481731,3.313575423977675,62.64806916241002
KEN,2026Q2,ADM2,mobile,Belgut,150269.656213522,21702.90606689453,14.442640393118568,2.9305800754974234,30.0,68.0,33.0,10.850094994572903,20.794656358693597,11.7405,2.539080670689059,64.73665399806,25.496099728289327,6.271005094027709,40.951324709541915,53.04311153967197,22.576243461317617,392.58837309996966
KEN,2026Q2,ADM2,mobile,Bobasi,211521.2663421631,10193.729888916016,4.819245868368779,2.178450272598877,14.0,33.0,16.0,10.609629223936603,15.737654365285945,8.1105,3.663644995824166,42.34149792942951,11.557205454592484,3.2359414015993915,33.38907715847319,52.19986240620368,22.51704894528632,880.3888966678927
KEN,2026Q2,ADM2,mobile,Bomachoge Borabu,119652.02374267578,8132.750183105469,6.79700177959029,1.9679498417174346,6.0,12.0,6.0,10.346201058701443,17.72162445668656,9.3155,3.676962323316128,49.257,13.396112243972293,1.2022757219722302,25.160628955882128,59.58233994933574,22.55500892069005,1049.7853561618404
KEN,2026Q2,ADM2,mobile,Bomachoge Chache,107638.61346435547,15813.642028808594,14.691421154403184,4.039673219737328,11.0,24.0,13.0,20.93329064282961,22.184970670916876,14.309,2.9009717241357995,45.00739537964685,15.51459292249895,2.7835463634279067,40.75136589236026,84.29915111854396,42.26323034792243,1057.350515276506
KEN,2026Q2,ADM2,mobile,Bomet Central,175506.43641662598,17477.348846435547,9.958238115522407,2.3693984790772675,17.0,41.0,19.0,18.27293255995809,36.50240073675196,16.858,8.517719580691857,116.71858653767391,13.703032300130428,4.917798631456387,38.0,81.65121481582112,25.01705585272867,654.2832194862293
KEN,2026Q2,ADM2,mobile,Bomet East,170681.48308563232,11095.68310546875,6.500812451870924,1.5866419658784554,13.0,28.0,16.0,13.542478330430894,34.897394526086536,10.119,1.560270308385239,104.1855411619725,66.7740330646916,8.878541781729313,32.66490978080428,57.84584504765085,21.005369119441355,557.2217784479882
KEN,2026Q2,ADM2,mobile,Bonchari,153778.33358764648,24797.952209472656,16.125777689832343,5.294534874997369,18.0,26.0,20.0,15.555478157708032,21.239042323965283,11.45,1.4812187902191796,51.89790864973554,35.03730103373593,3.6033969724085644,29.152405251560474,61.83275936719716,33.12678561495914,1209.8295761431764
KEN,2026Q2,ADM2,mobile,Bondo,233909.05674729214,25273.755294799805,10.804949430455256,0.7982636518565537,28.0,68.0,46.0,22.38851205235406,56.805480204962066,18.563,3.9429632307698066,167.90299263558396,42.58294658324859,8.099924014377851,28.207575149507566,67.58407809264246,42.400087141002416,178.34028628003725
KEN,2026Q2,ADM2,mobile,Borabu,114628.27257481217,10321.560531616211,9.004375883689464,2.673873461405807,21.0,52.0,21.0,21.846680619653327,33.86670043196301,10.826,2.8393532854816166,87.60701904106841,30.854568006393166,6.824087382820229,36.4771503323459,71.63015589039568,34.219647571492104,390.3839554286359
KEN,2026Q2,ADM2,mobile,Budalangi,104407.35875091933,20260.021453857422,19.404783050006067,1.3274524390952007,11.0,19.0,13.0,8.977958787111012,8.165241653191007,8.902,4.33433130805844,13.038533538143483,3.008199561003121,6.1196470722199265,29.102151221296822,18.534151656052174,0.0,336.9548380382325
KEN,2026Q2,ADM2,mobile,Bumula,248683.63918304443,3931.0487670898438,1.580742818467596,0.32481410483175754,3.0,4.0,3.0,19.963443634336627,33.30210540311559,20.166,17.025,74.515,4.376798825256976,19.989097189868485,25.72561122363777,100.0,25.94537525310217,720.1455313625844
KEN,2026Q2,ADM2,mobile,Bura,402643.96095177025,76382.20125865961,18.970159412823996,0.04397778746665015,16.0,63.0,19.0,20.858455423255997,32.570695603700756,26.383000000000003,9.632972298514275,40.73948976014047,4.229171277324638,6.761501849729186,27.0,95.16383480413604,32.4559761811519,29.59938414347858
KEN,2026Q2,ADM2,mobile,Buret,219114.62023634464,29270.26190185547,13.35842486014103,3.435091593433401,29.0,50.0,33.0,33.65406486909634,37.928352524901555,17.434,2.106774195333899,86.97969691873097,41.28572350628478,6.30358961276445,32.0,74.25880215552951,52.08471709151588,694.1726931493049
KEN,2026Q2,ADM2,mobile,Butere,162547.8466644287,9117.465118408203,5.609096217208413,1.7896500660672618,10.0,14.0,10.0,49.22853305212035,55.99575505858531,48.9195,5.773031838414143,133.16146340051827,23.066123161568747,2.5606436490100517,36.72566141443082,85.45551088654445,73.2663184360094,777.978692137546
KEN,2026Q2,ADM2,mobile,Butula,151701.02634429932,6370.202392578125,4.199182132176462,0.9244198180280232,6.0,10.0,7.0,27.00175209040469,66.02618989026296,30.432,1.906,144.573,75.85152151101785,5.032528633117882,23.998221428136155,65.27748121783648,48.15760813898026,625.0792953893542
KEN,2026Q2,ADM2,mobile,Buuri,145190.4952897707,13769.642898559581,9.483845943963601,0.7965214486155917,28.0,62.0,37.0,16.10556207786099,41.58125576911179,26.043999999999997,2.7457499292840586,177.7888161916223,64.75054931094176,7.575556723304356,33.0,69.15725631096711,31.273827972418367,110.45706162559365
KEN,2026Q2,ADM2,mobile,Cental Imenti,180098.5463060262,12103.906463623047,6.720713027331106,0.7752421091603282,16.0,27.0,17.0,16.540905382220213,35.64689671632091,15.365,3.3259475257352378,116.85684931361352,35.1349046878847,6.256822690666588,31.0,71.46172003929159,33.31228958718704,233.36748965799276
KEN,2026Q2,ADM2,mobile,Changamwe,173816.56423187256,143391.11492919922,82.49565601694579,45.526758052409754,28.0,138.0,56.0,14.671768228651445,24.002281045425732,14.4755,4.781681459578597,46.26669922338035,9.675822117071297,12.78002753305265,27.006330512027276,72.1662681106333,39.702375675849275,7595.486197246227
KEN,2026Q2,ADM2,mobile,Chepalungu,245180.10913764313,8844.075653076172,3.6071750209194757,0.8369136704120498,12.0,17.0,13.0,11.470462131527508,19.65734212154656,14.5245,2.4057930742659277,45.20994601285176,18.79211745035326,4.385234266807708,34.03829185457709,58.296583125695214,34.48411419230846,457.3924259311048
KEN,2026Q2,ADM2,mobile,Cherangany,256723.25710725784,11205.732421875,4.364907390214863,0.7151591958610264,12.0,26.0,13.0,17.98001543557029,29.253324578201706,21.863,4.671,60.53879353522319,12.960563805442773,4.711886316733545,33.0,56.14432675616894,38.45976580672032,409.2944450389677
KEN,2026Q2,ADM2,mobile,Chesumei,193028.95219048118,18272.485557556152,9.466189061382275,2.3059018485882175,30.0,60.0,31.0,12.46299826465032,82.29800079425983,12.279,2.551815577786729,339.2919928415024,132.9610163818269,7.1577726738251615,32.0,64.27046601452342,31.058322482901428,396.7941178925524
KEN,2026Q2,ADM2,mobile,Dadaab,287577.37437664095,107468.02784729004,37.37012624176019,0.08101797748288977,15.0,44.0,19.0,7.461817653468605,30.030252832513117,8.327,0.747764516246049,58.46491111848808,78.18626031092712,6.2886482815697455,43.78269420439799,44.29305376366385,28.695001463613355,41.53968643907202
KEN,2026Q2,ADM2,mobile,Dagoretti,345168.57666015625,321092.67724609375,93.02488666638766,70.10207539943471,46.0,284.0,158.0,23.81122556611155,43.1123409780972,23.212,10.552773074061466,75.9650835407875,7.198589698428024,7.263068461488362,27.0,90.09389683016857,46.5008627742789,14074.54956038077
KEN,2026Q2,ADM2,mobile,Dujis,237508.32135916085,135947.9214477539,57.23922457528257,2.16956827687549,33.0,113.0,46.0,14.21595339098431,56.30818911155434,11.571,6.1730215551776215,48.38079304783239,7.837457331937065,8.68878986033174,30.777600176694946,72.45112498159872,29.780795060678443,417.61650738119477
KEN,2026Q2,ADM2,mobile,Eldama Ravine,146773.14126909227,13912.841464161873,9.479146759320372,0.6814745527337317,17.0,41.0,24.0,11.713170670190417,18.799747194715696,18.376,4.723500910434727,38.94085130988317,8.244065587847903,8.140253176420167,33.0,55.60477804365037,36.6045685503738,157.3476884550223
KEN,2026Q2,ADM2,mobile,Embakasi Central,254575.7197265625,244475.84765625,96.03266482712465,90.06118994495799,20.0,188.0,96.0,34.77273298185273,60.56303664625236,32.386,13.901287953301265,170.86095934468392,12.291016481254028,15.249335950201669,27.018043318966438,93.55694783059634,68.63395792280349,30672.513829890326
KEN,2026Q2,ADM2,mobile,Embakasi East,787046.5530844332,752987.0099182129,95.67248683921669,41.54920621031835,95.0,657.0,357.0,33.98018732289657,70.6980867818797,43.385,9.9720894827188,173.82512410502534,17.43116369004277,9.497598972469198,25.0,88.95000143693682,67.20821728113367,9210.33402706779
KEN,2026Q2,ADM2,mobile,Embakasi North,136146.50634765625,118976.3779296875,87.38849135494961,89.11434674555127,13.0,102.0,39.0,28.120003085962413,50.691707454179074,23.966,14.275112172813015,111.95,7.842320161463182,9.55462387787817,23.206805626408478,100.0,66.15416744178279,24970.59981537928
KEN,2026Q2,ADM2,mobile,Embakasi South,266278.8705749512,265269.3645629883,99.62088392151313,80.55848949139715,38.0,290.0,169.0,53.992110789678065,75.75573317372209,45.1275,13.136526327164587,161.6941455089386,12.308744449023532,15.049943650444698,26.0,93.20147759327338,71.40590631845537,15104.621359232535
KEN,2026Q2,ADM2,mobile,Embakasi West,348084.474609375,348084.474609375,100.0,108.64063744621593,28.0,251.0,135.0,24.013860751559022,60.502882921587315,25.1265,10.725136589640488,139.40434401851027,12.99790849779594,11.55483106286478,26.0,93.88949747987925,48.27991848821497,36136.40119360156
KEN,2026Q2,ADM2,mobile,Emgwen,164573.2100278727,28122.20672607422,17.08796147399163,2.578543699536121,25.0,51.0,43.0,27.842996458525384,32.66700305751694,22.678,3.1652291993426234,57.7316567572929,18.239329009502065,6.372754463171027,30.7249964400986,79.78567581771573,56.59363695074233,453.95321163793125
KEN,2026Q2,ADM2,mobile,Emuhaya,92610.16412353516,3258.0983276367188,3.5180785591640404,1.6733360123761771,4.0,7.0,5.0,56.51126747218136,80.54457460983276,50.426,40.12993925854558,131.785,3.28395712614832,5.457425919926225,32.72707477938995,100.0,100.0,1036.085129340458
KEN,2026Q2,ADM2,mobile,Emurua Dikirr,136311.4229373932,405.10931396484375,0.29719395868305726,0.1148683340971784,1.0,1.0,1.0,16.905,16.905,16.905,16.905,16.905,1.0,3.23,35.0,100.0,0.0,418.8673493460045
KEN,2026Q2,ADM2,mobile,Endebess,127951.75637225842,3827.4736328125,2.991341222137647,0.1676864518525365,3.0,7.0,3.0,60.31449819350738,58.80656506384504,58.493,36.160224233282335,73.692,2.0379298403844777,19.58367733054759,25.88015670810531,100.0,100.0,191.3354423279533
KEN,2026Q2,ADM2,mobile,Fafi,207101.65960588495,43467.43762207031,20.988454513010165,0.009017495106910866,4.0,6.0,4.0,10.75489146225972,19.685218031340018,22.1965,0.746,117.04255157140625,156.8935007659601,3.314000093020737,31.516540804365043,43.85403367270628,43.85403367270628,12.48597005325854
KEN,2026Q2,ADM2,mobile,Funyula,118294.78703848459,953.4993591308594,0.806036667381344,0.2732035608808929,2.0,2.0,2.0,18.312618560646662,18.312618560646662,16.7915,12.324,21.259,1.7250081142486207,14.439038185373334,24.329757295954487,100.0,0.0,432.1554773621726
KEN,2026Q2,ADM2,mobile,Gachoka,192951.0717830702,6034.270378112793,3.1273577919779396,0.31081871383250004,11.0,14.0,12.0,15.840445241353967,66.35058496347243,25.413,3.5414017102426594,199.80828810722912,56.42067871863599,19.0124456659789,34.21599076928955,91.2403712072948,47.1981105003605,145.82790703076014
KEN,2026Q2,ADM2,mobile,Galole,201480.38940289148,57959.355209350586,28.76674766269774,0.03471720838891933,9.0,35.0,13.0,23.05957023929486,23.368400606832097,24.582,8.6282518555271,38.08744473562839,4.414271323249595,12.900633644010822,33.05883181740722,88.17559292559108,26.725334033858196,20.79793409760195
KEN,2026Q2,ADM2,mobile,Ganze,187414.68976006398,2974.8467769622803,1.5873071533350998,0.12697561093980356,10.0,17.0,10.0,33.07040086335793,33.109808458705174,21.883,2.9537950626950904,74.07188473093338,25.076853051324758,10.365110924266704,22.0,81.21067579075039,67.2286237040467,63.87348141873636
KEN,2026Q2,ADM2,mobile,Garsen,118213.14219099455,7640.876647949219,6.463643979282787,0.011734352935586608,5.0,9.0,5.0,66.7292665329012,66.80955723147954,59.792,17.46694716534946,106.8149809041932,6.115263296616044,36.71329021134719,23.5440436493883,91.92800262689457,91.92800262689457,7.4321020134629725
KEN,2026Q2,ADM2,mobile,Gatanga,180220.25019791513,15096.068774223328,8.376455341530741,1.4945025046626974,24.0,47.0,31.0,18.905399031567352,45.491478104454806,17.564999999999998,2.4250802630555777,67.10594703716356,27.67163959868723,10.00785335603664,24.0,63.94260201512335,29.775972884450315,300.2045008215435
KEN,2026Q2,ADM2,mobile,Gatundu North,117114.69406044486,11371.041564941406,9.709320983302591,2.3965981494925606,15.0,53.0,15.0,14.017557212776506,18.136768718891602,13.873,1.41996656612686,55.949511874534565,39.401992419542665,5.915665250235181,25.0,58.96344999083637,19.17289711341949,500.5519847477789
KEN,2026Q2,ADM2,mobile,Gatundu South,125358.37527537346,12323.164154052734,9.830347694745218,2.5260037500228236,15.0,20.0,17.0,30.025209977230073,64.96905483983069,37.261,6.825168292504902,85.95717304543588,12.594147039543369,15.200949071947797,23.0,81.090462990834,75.77364351174998,564.7353136069548
KEN,2026Q2,ADM2,mobile,Gem,199594.904296875,8754.887817382812,4.386328322471049,1.4836111934499128,16.0,45.0,18.0,16.121840870501583,27.302992303371663,16.4625,6.285703757427465,82.31044362569412,13.094865237394059,8.404989447820292,29.0,76.15577178769321,28.344286640884658,494.95147793709674
KEN,2026Q2,ADM2,mobile,Gichugu,275766.1097709354,21383.987518310547,7.75439285707483,0.7997007772547831,10.0,16.0,12.0,30.004560831929798,40.34207395721909,35.195499999999996,12.713,77.91804154821921,6.129005077339669,15.163034550173581,30.0,100.0,70.30966475496815,589.8118005319508
KEN,2026Q2,ADM2,mobile,Gilgil,264349.8813824821,42914.313647193834,16.233906905031684,1.2714656365852288,43.0,81.0,49.0,17.462773942905216,21.41360793180459,22.351,3.6261869684781805,46.290093088462726,12.765500921727021,5.533495037108586,28.40362499807232,66.88718031263167,28.2061895435545,209.05431293276132
KEN,2026Q2,ADM2,mobile,Githunguri,174647.52912902832,22830.239379882812,13.072180003769763,3.6796136473679177,17.0,44.0,27.0,18.173264192030796,34.19135654395966,26.968,4.478086968442804,84.37413929141113,18.841558881280754,7.075449336871378,26.358037183116462,80.74165491892575,46.58082280425045,1011.3001837458193
KEN,2026Q2,ADM2,mobile,Hamisi,162963.6926900149,16226.75537109375,9.957282572112454,2.2009852456386865,11.0,28.0,12.0,25.1624405689966,27.26834777446343,22.914,8.971662894709661,49.628598915307435,5.5317057158458365,5.76720035015505,41.48675006829098,88.56636730486149,44.75529356600323,872.0253901320716
KEN,2026Q2,ADM2,mobile,Homa Bay,141376.78380164877,26791.743865966797,18.950596516296155,1.666685759732425,12.0,27.0,19.0,30.06905681313115,34.982906353476395,16.136,2.701470411168331,87.389919337115,32.349019621251614,9.886329852354523,46.31516768464854,74.0056880857982,53.816491143599,525.1748889250445
KEN,2026Q2,ADM2,mobile,Igembe Central,237352.52592188283,10115.411109924316,4.26176678366317,0.37289926341611734,8.0,23.0,8.0,17.462745381687668,24.191833649713015,15.123,7.7196653921829395,46.854785048364434,6.069535746434083,7.432700804400809,35.0,86.0153032920077,47.29972892003969,295.88234582580804
KEN,2026Q2,ADM2,mobile,Igembe North,183361.60972645014,6971.601806640625,3.8021054772813563,0.10417143642738322,3.0,4.0,3.0,10.660298524416975,10.983157066224406,7.957,5.143898755349935,15.246,2.963899704313451,3.2657570430851868,36.76057630716233,48.967737803206305,0.0,170.28076517094985
KEN,2026Q2,ADM2,mobile,Igembe South,185728.42310640964,38524.55926513672,20.742414446207185,0.6237933541387773,14.0,19.0,15.0,6.0343536501988,10.134338211123454,10.136,1.2174172341764389,27.028315368915646,22.201357603746935,7.645282950252651,33.819997139839515,42.754752157683235,2.243605682532329,221.31425394035244
KEN,2026Q2,ADM2,mobile,Ijara,156120.48230473755,16732.280639648438,10.717543523205403,0.018173940756578567,4.0,4.0,4.0,12.2698244893713,11.3128501279809,29.356499999999997,1.357,31.394265716813866,23.135052112611543,10.251158749876623,28.795598321888214,35.8195236312948,35.8195236312948,18.98922011840384
KEN,2026Q2,ADM2,mobile,Ikolomani,118467.9327545166,11683.635772705078,9.862277074518833,3.64577432477295,14.0,16.0,14.0,28.50991404258306,29.48485590305401,17.4325,1.6262086386001977,69.13229552746843,42.51133211724658,3.3992404521963726,35.99660163650215,53.40397432591356,53.40397432591356,825.0483150595556
KEN,2026Q2,ADM2,mobile,Isiolo North,241954.25961782274,69491.76140594482,28.721032444607538,0.03416440562295539,14.0,29.0,17.0,13.4553867660666,27.966252672300467,17.415499999999998,6.814356890967192,74.79597187048046,10.976233424114705,5.806736337353318,34.659129422560795,54.36726447148823,36.449840856058266,15.791158807520906
KEN,2026Q2,ADM2,mobile,Isiolo South,173781.84451297516,68720.01098632812,39.543837953220276,0.03710123157686269,10.0,19.0,10.0,31.1062892865072,32.223776586079296,9.500499999999999,5.010967936154798,66.665,13.303816917087653,17.683203152240537,41.411714852053905,58.978219292386015,58.978219292386015,17.244449746517436
KEN,2026Q2,ADM2,mobile,Jomvu,155442.1874923706,113564.53924560547,73.05902025547564,27.00538801988689,23.0,97.0,50.0,24.802819431589285,22.790957324442584,20.767,6.214368740097694,42.00822013879922,6.759853155758958,9.228129605125183,26.048938302711704,68.0194267839143,47.54076543911386,4904.836900865847
KEN,2026Q2,ADM2,mobile,Juja,674057.6767792132,468785.51800727844,69.54679609128294,15.308656747480821,153.0,592.0,298.0,28.71838506036784,68.54771878483787,29.977,6.339001574666466,190.05314039573446,29.981557530333053,10.647325789811672,25.0,81.84955495958872,55.75539715017668,1804.357862570631
KEN,2026Q2,ADM2,mobile,Kabete,198359.06591796875,105211.6904296875,53.0410293791148,31.421790011023454,47.0,137.0,85.0,38.43413457399514,77.67760593927594,33.21,6.7926159280681535,233.77226120100966,34.415645412104936,10.329334422725584,26.8551142050425,82.7972305633249,66.22286930531564,3548.0937603771144
KEN,2026Q2,ADM2,mobile,Kabondo Kasipul,129489.0201921463,3892.2240600585938,3.0058332778200008,0.7574347383941584,5.0,7.0,5.0,46.9606599479129,45.45952505177837,48.173,13.641226167695299,69.90887723381364,5.124823558703948,7.188577727503114,43.28437919291309,88.200361511352,88.200361511352,524.620957197569
KEN,2026Q2,ADM2,mobile,Kabuchai,203800.73616790771,6551.286926269531,3.214555084272142,0.9596286602935776,6.0,8.0,6.0,39.21452422997608,36.634985241822,27.498,13.26752594165012,54.21901527880617,4.0865957615050865,9.744480483534492,30.93069820556295,95.6255147082834,78.10739863038859,871.8244566321932
KEN,2026Q2,ADM2,mobile,Kacheliba,128913.41441564113,137.89299416542053,0.10696558988099372,0.027253514105900496,3.0,3.0,3.0,32.54182582820211,32.43603365325982,78.31,14.495,78.76772722572763,5.434130888287522,3.740338831808508,27.668986004352924,100.0,28.099409724718132,31.35420012167869
KEN,2026Q2,ADM2,mobile,Kaiti,134233.18710708618,1218.232650756836,0.9075495240867489,0.27718658933429324,3.0,4.0,4.0,14.701415767686067,40.150915107919346,15.433,5.266,92.361,17.539118875807066,4.812055095928343,25.542317820460255,57.81050136529436,37.707104609647814,331.99114982411857
KEN,2026Q2,ADM2,mobile,Kajiado Central,206190.4494295135,45353.600333213806,21.99597530278336,0.21689255859386386,25.0,72.0,34.0,50.45925226511155,76.54935243281669,30.812,4.240401507759811,198.75163083124474,46.87094617515229,19.15488142721246,24.716663510109147,74.14790370795052,60.19764714115834,47.90201959935986
KEN,2026Q2,ADM2,mobile,Kajiado East,437476.2247632224,164770.82464906573,37.66394956394385,0.9715947922145396,85.0,289.0,149.0,28.092605920924655,71.23454420625278,19.936,8.547332243211706,125.9508695888598,14.735693664990036,11.667922067061928,22.0,87.97282588015963,58.75105235101004,133.83144464524744
KEN,2026Q2,ADM2,mobile,Kajiado North,411465.5295958519,310284.39611816406,75.40957232138751,30.645327165848997,92.0,419.0,215.0,26.403840407273737,63.00578185617362,25.443,9.237210614104573,149.09779958143616,16.140998166023657,10.442136667788514,25.79701154951084,88.28877924869207,52.23020892259797,3667.5560182893087
KEN,2026Q2,ADM2,mobile,Kajiado South,231363.1122715846,14346.469524383734,6.200845667888142,0.1118320769455648,19.0,35.0,22.0,29.91390756136302,121.99673632626453,16.621,20.68479991059643,290.088,14.024211075466747,10.68937545980631,26.064662042927036,92.89748683591294,49.976290661528246,36.501698384630586
KEN,2026Q2,ADM2,mobile,Kajiado West,264285.58164252195,36899.98156774044,13.962162195307387,0.10461000696620523,22.0,49.0,28.0,52.60975490175673,119.44612237885372,35.046,5.77153860925665,426.4697088404368,73.8918575640204,9.382589211574434,26.27464644828174,79.14112777389516,67.72455232849272,33.627672334970306
KEN,2026Q2,ADM2,mobile,Kaloleni,203061.5303082203,34239.67642211914,16.861724803387368,1.0023265125825331,18.0,37.0,21.0,19.21344155865006,75.5218913276168,21.295,6.882680581079743,321.25626351037175,46.67603845999978,8.18495847426786,29.0,68.0104503933721,44.16671285001678,303.7693281783479
KEN,2026Q2,ADM2,mobile,Kamukunji,266858.51953125,266858.51953125,100.0,76.4918600294864,18.0,189.0,114.0,43.1117311422323,63.11612452398473,48.204,5.228843037696902,124.52501012628667,23.815021645999725,11.68082584648431,30.36350551463774,84.88387442958168,69.63472067976181,30342.494892160932
KEN,2026Q2,ADM2,mobile,Kandara,172776.67405700684,16022.771728515625,9.273689180536598,2.1363216672893373,12.0,15.0,13.0,15.815023801799306,14.982030710828909,15.2895,3.725689611439845,31.382071331515007,8.423157751830798,10.234816762886105,32.88075212689517,61.23591011180011,15.453917523259697,822.7904980703473
KEN,2026Q2,ADM2,mobile,Kanduyi,337397.37573312223,117061.32232666016,34.69538613698479,5.393614942514013,46.0,185.0,72.0,17.426515584389318,30.150738069354556,18.319000000000003,4.435076798989354,64.63747656895542,14.574150459736058,7.1497514280984955,38.19756624754202,76.9969332161735,33.73517911481328,1058.0882967693133
KEN,2026Q2,ADM2,mobile,Kangema,111095.76217249807,7182.768981933594,6.465385214947199,0.9566172552948358,9.0,10.0,9.0,11.003952059040092,27.650447762783934,12.861,3.206,79.77364999287022,24.882610727657585,5.289148817539818,37.0052287811639,57.057403112155505,18.911366990400193,315.84057902040433
KEN,2026Q2,ADM2,mobile,Kangundo,96558.36842918396,3108.7267456054688,3.2195311459569798,0.8738327141148343,4.0,4.0,4.0,31.512367341524296,54.52146761949566,27.9485,6.951962101082518,133.57,19.2132808058895,10.684745611898151,27.096383302909118,90.15858637613657,46.26308908348688,564.4177806727033
KEN,2026Q2,ADM2,mobile,Kapenguria,223574.8926899259,20786.095291137695,9.297150964069008,0.210462982146892,10.0,12.0,11.0,20.973226480603746,39.347581086173435,21.197499999999998,7.195706823246086,89.448,12.430745470484403,16.962719160035032,49.23053091704832,84.16266579750645,43.45649845807619,125.89826935447941
KEN,2026Q2,ADM2,mobile,Kapseret,213822.2742126286,86779.52188873291,40.58488396884126,6.180700185846647,59.0,174.0,106.0,20.2105931149992,42.255265569728365,15.694,6.180854078930653,69.53656035272326,11.250315808256994,7.082477570184203,33.0,82.951286321026,33.403007126531776,599.0749412048615
KEN,2026Q2,ADM2,mobile,Karachuonyo,189705.84586767343,10263.302429199219,5.410113948917651,0.5001384231431388,10.0,29.0,11.0,13.358656466031762,24.725743300958616,24.683999999999997,5.295729058262113,51.39312172451577,9.704635784630064,6.271007857644628,28.648473766484685,94.14698306189625,23.80946431189034,253.74788607065662
KEN,2026Q2,ADM2,mobile,Kasarani,1050544.2400513142,834129.1196212769,79.39971376936334,28.51335466982682,104.0,527.0,295.0,32.529386489315165,67.51304255911931,28.111,4.614282736024225,188.74643309810443,40.90482614438422,8.664120245430857,27.0,80.19274020063922,55.32300912264638,7706.334321392813
KEN,2026Q2,ADM2,mobile,Kasipul,143296.12113833427,10811.629425048828,7.544956094527896,1.7392842539248166,12.0,30.0,15.0,20.158169627492246,24.751049387145503,12.247,4.512906842333142,50.25296526420915,11.135387239287375,6.978108612069115,38.59917522527389,68.03989241069101,47.17653269023603,555.4843349259786
KEN,2026Q2,ADM2,mobile,Kathiani,118489.85164642334,2844.6649475097656,2.4007667390776355,0.9068622088614903,5.0,8.0,5.0,24.299326169112927,81.61071283700457,24.287,6.486933309607754,346.4657399536026,53.40978909717701,6.84716053242143,31.598914797289044,83.10741818869425,18.906614448748844,575.1028475497809
KEN,2026Q2,ADM2,mobile,Keiyo North,116102.33681794124,15129.143249511719,13.030868856012397,0.6897388440019788,10.0,17.0,13.0,28.623641684624086,26.52719654756812,25.5785,7.007868749978304,38.49306021405916,5.4928340680150916,9.13978044030613,31.0,87.0430605788301,72.78874564815972,214.18920260742158
KEN,2026Q2,ADM2,mobile,Keiyo South,127967.79665990586,2535.0522270202637,1.9810079513657297,0.33769258470212016,8.0,11.0,9.0,20.78641342684711,25.97314055066573,20.8975,6.709539595388717,66.31063965474956,9.883038725983978,4.214649729263337,32.64755658883975,74.82616113628691,23.898110658327003,144.4650224316642
KEN,2026Q2,ADM2,mobile,Kesses,215655.26595312997,54810.713481903076,25.41589385246707,2.339121380088331,42.0,119.0,63.0,29.458943120727053,54.55496457140587,20.8985,3.2582481318679575,99.38209741638019,30.501697045216847,9.461639069947692,30.0,73.67122620614008,53.785483225304944,321.2158830967514
KEN,2026Q2,ADM2,mobile,Khwisero,120975.40441894531,5118.514221191406,4.231037082104454,1.036242208166032,4.0,15.0,6.0,6.8024800960922684,6.909209867449753,8.4805,0.282,14.084,49.94326241134752,1.0832596172413298,36.18810695114601,42.01654327297663,0.0,838.1335564951611
KEN,2026Q2,ADM2,mobile,Kiambaa,313345.12979507446,185237.9690246582,59.116275126344725,24.024055126890932,57.0,207.0,124.0,32.82114721671882,70.55096372382145,33.392,7.804593975345474,254.42647087136098,32.5995781042663,9.178736585358282,25.0,87.98628853816355,59.06453881289484,3533.4113532064725
KEN,2026Q2,ADM2,mobile,Kiambu,164698.97661972046,102251.30869293213,62.0837547333545,27.4256537356134,72.0,232.0,147.0,36.84319875244047,62.73573121473985,28.622500000000002,5.885504654616924,213.5739354982993,36.28812617296289,10.98754722896981,24.0,81.27908971954338,62.54247946514104,1678.4507114153828
KEN,2026Q2,ADM2,mobile,Kibra,136380.796875,129860.30810546875,95.21890990598361,91.04132378496698,30.0,284.0,167.0,41.33362370655489,76.87440608397247,48.05,10.412112375625258,190.82390412662338,18.327107626435332,15.99498921068794,27.014987097020626,92.6120694205082,65.99175781310437,11074.077450764447
KEN,2026Q2,ADM2,mobile,Kibwezi East,159531.15556914368,4609.743075370789,2.889556625428469,0.13442742725646847,8.0,12.0,11.0,75.85527137809919,87.44158047735738,12.532,7.111388794747773,189.97943683384574,26.71481511096089,12.661047243192328,24.0,78.8289482489377,76.65624773397451,71.84276006899732
KEN,2026Q2,ADM2,mobile,Kibwezi West,149388.9337175319,6251.648471832275,4.184813637972033,0.1055983270418999,5.0,8.0,5.0,19.542931834853952,20.56367609865952,2.398,3.599511357421192,47.02,13.06288418928248,1.198999806875945,31.366455389281203,94.1869838375033,27.79067591594343,84.51624389667771
KEN,2026Q2,ADM2,mobile,Kieni,216585.1189553367,22671.115347385406,10.467531406006039,0.8243083632254279,40.0,78.0,49.0,39.96822099262802,46.131040186150834,22.856,9.060128805520193,73.12518953616825,8.071098226728767,11.901060783704834,30.25150637841813,89.54831810590876,76.1631477175029,119.3653819975639
KEN,2026Q2,ADM2,mobile,Kigumo,169785.92256036427,4476.767272949219,2.636712870796215,0.8273122899232056,7.0,8.0,7.0,16.606989221848274,18.749641090554665,23.041,5.145,43.41972748710154,8.439208452303507,8.908480228543576,27.0,54.84066739693613,21.278995677485575,536.7453474706944
KEN,2026Q2,ADM2,mobile,Kiharu,163104.71318531036,35553.35955810547,21.797873809882947,3.668954695366833,30.0,92.0,48.0,15.683342195561494,23.75874772062787,18.430500000000002,1.8750610143510615,37.8956919149836,20.21037802233806,7.047565424988154,32.0,68.98118270228748,32.752866439705834,533.5455592107132
KEN,2026Q2,ADM2,mobile,Kikuyu,279766.5908447169,159776.8466796875,57.11076729972053,14.817867027543409,69.0,290.0,175.0,32.35224559018855,51.5134599270949,23.459,9.869238130574551,119.82425372875754,12.141185787943066,10.967173618092255,24.13085512660142,90.2118621326245,52.52989982833043,1607.4938706130986
KEN,2026Q2,ADM2,mobile,Kilgoris,307637.4414950756,12237.765306472778,3.9779830592137695,0.3385772871955482,23.0,41.0,26.0,25.2020899452778,36.47425125790461,27.285,6.3393230192432,85.00028363321995,13.408416541513835,5.397144107023335,28.28237851872608,80.0145527884568,49.38183538090317,121.15839154804833
KEN,2026Q2,ADM2,mobile,Kilifi North,368479.7746831938,130570.97608947754,35.43504557386846,3.32563540701082,70.0,287.0,107.0,11.547546567344487,31.614234871810318,17.9925,2.4929803104358426,64.64200761837202,25.92961017292222,4.41140079915958,31.038963916992497,52.47144217623264,28.190301072237546,469.9228513681193
KEN,2026Q2,ADM2,mobile,Kilifi South,273580.7256037893,81072.06867980957,29.633691664821967,2.1936982745062994,25.0,80.0,42.0,24.365709429504964,70.49520252304163,15.455,5.678812854614806,263.748786654459,46.44435261502364,8.961937614217439,27.730361181089965,70.86927684041876,49.10970228917659,644.9795244368732
KEN,2026Q2,ADM2,mobile,Kilimani,254041.10034179688,250961.80541992188,98.78787530138548,87.7013162911374,69.0,773.0,392.0,42.40068610341923,71.82971565434717,72.141,15.252068663468526,152.37758728034933,9.99061770848969,18.131828397591274,25.0,92.66077227986726,62.53461320389587,8639.528400959374
KEN,2026Q2,ADM2,mobile,Kilome,140245.88826550543,7005.717567920685,4.995310489714939,0.544546434611929,12.0,23.0,13.0,19.29025952564885,19.96538060951334,7.545999999999999,4.072657787121498,28.869178887857192,7.088535397976945,13.196868477419004,30.94282220721408,75.82380875916557,60.0118489354302,170.36924887125704
KEN,2026Q2,ADM2,mobile,Kimilili,182762.0126800537,22475.905212402344,12.297908565796464,1.685009103408262,8.0,17.0,9.0,25.399642178780322,33.13246968942824,22.698,11.233,71.03133338581272,6.323451739144726,14.066645789176695,36.86555514637087,100.0,46.341114462389335,1029.6587409519934
KEN,2026Q2,ADM2,mobile,Kiminini,282969.5826539995,20857.363403320312,7.370885311310514,1.5216002051316322,15.0,25.0,17.0,20.049249599765634,25.934137597656555,15.661,2.024849304970511,57.160510708965184,28.2295134599153,5.544604409552123,37.0,64.23788014873179,39.985483292051,767.8676995923084
KEN,2026Q2,ADM2,mobile,Kinango,372299.19571403094,31283.745532989502,8.402850689212624,0.26166927339735113,34.0,71.0,39.0,19.092469857115958,40.56535379782553,17.5135,1.2433384194826227,125.71591274591812,101.11158054476508,10.051358284947167,33.58103487255446,67.69842024699588,42.837356542427145,76.98540770737276
KEN,2026Q2,ADM2,mobile,Kinangop,156269.5008251965,9303.41039276123,5.953439630659632,0.6927902888414599,10.0,16.0,11.0,20.714609688860108,23.90937365394554,18.383499999999998,2.964310476216614,37.28912547784796,12.579358935923787,4.065779972779258,28.708594761270184,76.75030433775078,45.800889574972004,289.5794056537745
KEN,2026Q2,ADM2,mobile,Kipipiri,157122.10278604258,5654.11735534668,3.598549952609815,0.4370976361511114,11.0,11.0,11.0,33.320589100253656,34.55087950650743,20.098,3.9921717755821025,77.14054465628655,19.32295226575981,10.069078616474016,28.768681210542816,81.05354678048865,69.587607400154,166.97841332932944
KEN,2026Q2,ADM2,mobile,Kipkelion East,153648.39527912784,9554.095336914062,6.218154976208805,0.7949488026179868,16.0,21.0,17.0,13.694356154193915,16.919434507102967,16.614,4.633392823907475,43.032971692126466,9.2875724825411,3.3850338173811707,35.0,57.89197364620089,16.739857917941464,204.15783461094924
KEN,2026Q2,ADM2,mobile,Kipkelion West,154092.87141729146,5656.360870361328,3.6707479186649787,1.1689682442572131,11.0,11.0,11.0,18.658053265878102,52.52093685756378,16.956,2.7883430527248394,165.42068906865583,59.325802435608686,11.168190072925954,24.725653177139826,72.35654397345107,41.992458920059384,437.9332142301413
KEN,2026Q2,ADM2,mobile,Kirinyaga Central,268516.64399510034,53166.040283203125,19.79990494897339,2.521176774267552,16.0,48.0,23.0,34.556696299460846,65.98906211607242,26.584,9.9657483245323,183.02414246576996,18.365318539625015,15.103402396909347,24.0,88.95090639219116,61.381861571269155,1131.620949799806
KEN,2026Q2,ADM2,mobile,Kisauni,196170.58261203766,157778.1039199829,80.42903365996382,25.79834530450962,62.0,385.0,155.0,19.256322586114532,38.9927539145451,19.1495,4.548957772406943,89.22573498882385,19.614544573275463,9.41709022733234,28.0,83.29130203337144,45.64144606062418,2193.5667468089055
KEN,2026Q2,ADM2,mobile,Kisumu Central,193142.85480308533,171566.02375793457,88.82856367265103,29.147595063793215,53.0,225.0,134.0,24.09582298852168,34.725393517921866,26.309,4.697626914880588,73.05286192437734,15.551014000913762,7.543776377788326,29.0,79.29978129595514,49.251875456545974,2840.659727385142
KEN,2026Q2,ADM2,mobile,Kisumu East,278841.03549695015,154161.0930557251,55.28637231639145,12.608717139102735,56.0,138.0,82.0,20.66408761645372,45.77731720050481,16.8235,4.050631877058931,55.943106023344164,13.810957826156036,5.282255428574462,29.622147951364106,66.34924138622763,40.339816751402616,1679.0092714384432
KEN,2026Q2,ADM2,mobile,Kisumu West,208608.91532216597,48629.50860595703,23.311328056548238,5.266576004298506,44.0,133.0,61.0,9.113446278584192,28.65345522483052,11.189,1.615029283989572,92.85568716981122,57.49473900586609,3.1056502688212935,29.29457488384079,47.44272623085508,25.457685767888215,667.7619470002138
KEN,2026Q2,ADM2,mobile,Kitui Central,158119.0171265602,24769.228622436523,15.664927010399362,1.5382161071616511,30.0,82.0,42.0,21.849035135780703,33.265609164074505,23.218,6.6648550727266755,73.52392410883901,11.031586329567322,18.444602426106115,29.03299036110818,79.22910994941768,47.03849812606439,216.94209228019068
KEN,2026Q2,ADM2,mobile,Kitui East,150458.14487725467,10498.75626373291,6.977858375362733,0.16608533763301012,21.0,42.0,24.0,36.80978033585958,37.62085582803427,20.473,5.21621307410576,71.827,13.769951299835203,13.634735791454585,27.515306121946494,76.84462874086239,59.03958607877375,31.84136800959359
KEN,2026Q2,ADM2,mobile,Kitui Rural,129006.70706104976,3349.117576599121,2.596080198383965,0.3421323043719556,14.0,31.0,17.0,12.066329654916968,92.76039333459748,28.3915,1.6205709713465135,325.6002965637809,200.91702388895897,8.46572088894572,32.0,55.22342736463444,48.066165077708966,84.36762834314453
KEN,2026Q2,ADM2,mobile,Kitui South,200625.42545063008,2570.57266998291,1.2812796106022348,0.03230709990685033,11.0,15.0,12.0,18.393279567700944,20.433298696063968,25.035,2.776953705598711,38.90160468707119,14.008733602090789,3.144851129327922,33.74257898518106,54.860966251275954,39.758411789987264,15.773512360735515
KEN,2026Q2,ADM2,mobile,Kitui West,122974.060931921,2985.264846801758,2.4275565303600195,0.5336616604455449,9.0,13.0,9.0,26.722776631839608,27.419934375787424,28.19,5.10797233893031,49.9695063586608,9.782650148243599,9.939105374476238,17.897245738142956,69.66631457344681,58.91614747130601,195.09472123526874
KEN,2026Q2,ADM2,mobile,Kitutu Chache North,115005.17095947266,6430.967437744141,5.591894159272531,2.293831292324081,8.0,14.0,8.0,12.868201797531404,19.93807702276156,18.189,3.592334145903938,43.04801519603985,11.983299283315331,2.1616302834195764,37.64095699957464,44.64748699379174,44.64748699379174,881.951580969742
KEN,2026Q2,ADM2,mobile,Kitutu Chache South,143363.69766235352,50691.58740234375,35.3587332280807,10.334616902739517,27.0,89.0,38.0,12.511138639767262,17.075772577885303,12.457,3.0040770492674502,28.626748880488062,9.52929915278596,5.2437698869555405,32.277383919846656,68.11246705037686,14.235990219847261,1467.6967208122405
KEN,2026Q2,ADM2,mobile,Kitutu Masaba,207699.24157714844,21507.427673339844,10.355082430742078,3.82336206224729,26.0,44.0,32.0,5.387537532914821,12.000050639859477,4.234500000000001,1.316404335924162,27.128623787215382,20.60812399874856,3.0026105322315453,27.731910869814374,26.96015035357512,22.213093799354727,816.9230727230013
KEN,2026Q2,ADM2,mobile,Konoin,183334.47685143608,9824.554763793945,5.358814628061044,0.7473778706131243,17.0,66.0,22.0,17.317168408935306,27.73998807911569,16.524,7.5103326805148765,50.14852344959256,6.6772705794644756,7.94205128660202,32.04910899290264,88.89431318885701,31.595212387757165,215.57274603282596
KEN,2026Q2,ADM2,mobile,Kuresoi North,220880.01089705876,10032.399688720703,4.54201339812334,0.9772384915650858,16.0,36.0,17.0,18.011919602308616,22.133173255847705,18.003500000000003,5.334921365718292,46.4037426535512,8.698111831926395,11.777435351350187,37.5059168669381,68.87763019090086,15.019044837550489,360.7954666093735
KEN,2026Q2,ADM2,mobile,Kuresoi South,189766.23927497864,2801.356002807617,1.4762141113774951,0.2847153399245777,4.0,5.0,4.0,82.78084878109736,73.0429186415595,62.417,21.74707152872753,88.14206317450368,4.053054364495441,28.536465838667517,35.0,100.0,82.78397334856542,361.262256880565
KEN,2026Q2,ADM2,mobile,Kuria West,221359.93818994612,13929.10513305664,6.292514014484524,1.0949035319339975,10.0,14.0,12.0,10.454846000112028,29.714726591838616,6.656000000000001,1.884010660374236,92.98973996684639,49.35733216518801,3.266154669559922,25.996146808020956,47.432360645107856,34.78632007883935,648.4524580331371
KEN,2026Q2,ADM2,mobile,Kwanza,217928.30970501938,22712.202728271484,10.42186889762692,1.4466852305173103,18.0,68.0,20.0,9.82189861191753,35.03195976333506,9.212,3.118847291095646,116.95540173942139,37.499560197554636,4.211596026420912,36.0,47.606560093672975,15.308712992223297,468.58320458530824
KEN,2026Q2,ADM2,mobile,Lagdera,177894.75208643774,15970.540977478027,8.977522265366243,0.0521417249274956,9.0,22.0,9.0,31.05481958590844,45.133424873460015,28.247,21.808,96.822,4.43974688187821,18.73427378920596,28.626381756266326,100.0,64.25933332418069,27.56422308742856
KEN,2026Q2,ADM2,mobile,Laikipia East,327953.92566040263,44126.106842041016,13.454971381478064,0.5222353995046254,45.0,209.0,77.0,31.7878731799072,53.15608897184537,18.11,6.083815688627256,118.094736851954,19.411294308720375,13.743927832971744,31.175194875728714,80.33235293474381,64.95413937417386,101.78490614880297
KEN,2026Q2,ADM2,mobile,Laikipia North,110735.22096093427,2078.659119606018,1.8771436057723117,0.09126459015858716,12.0,25.0,12.0,21.30165064567547,20.699902604259496,17.174,6.135992250765596,33.960946163680205,5.534711384200795,14.671760950717573,31.0,87.12863347420061,47.596785194110275,22.523406939200186
KEN,2026Q2,ADM2,mobile,Laikipia West,191957.12801747987,48258.667262628675,25.140336157891557,0.9094290315397838,34.0,57.0,46.0,13.11547305879406,47.563337698676534,17.2635,2.1146192480009547,161.01288191256737,76.14272974426963,7.182304812139091,36.0,69.74956457945196,33.526427934222184,137.3115963398529
KEN,2026Q2,ADM2,mobile,Laisamis,130270.19690357268,13614.062522888184,10.450634793286948,0.012402794057755418,8.0,26.0,8.0,9.241402989869092,23.626252918731712,22.1115,8.037,67.358,8.380987930819957,26.11396308239182,33.14251663423339,34.917348826851736,23.035426550851255,5.410268964613077
KEN,2026Q2,ADM2,mobile,Lamu East,12633.474324009192,1057.1600341796875,8.36792799088225,0.03466833145807012,2.0,3.0,3.0,2.492,2.492,8.213,2.492,2.492,1.0,0.274,44.0,0.0,0.0,5.8641955606154115
KEN,2026Q2,ADM2,mobile,Lamu West,147919.3230610103,15483.870010375977,10.467780469756173,0.16306975165709445,17.0,42.0,20.0,39.211976669289676,59.02780832693517,39.977,5.123786220268965,150.55670501034461,29.383877183392986,17.141305945499806,38.103242391312406,76.2388784467258,72.34678209032984,38.00596068483824
KEN,2026Q2,ADM2,mobile,Langata,362682.0227846362,299493.06140089035,82.57731086349764,22.72405866762847,128.0,707.0,398.0,53.21188899282897,75.1399982512269,66.0215,9.557950201261988,161.52366745398695,16.899404584955892,13.79524654587649,27.0,90.63323981987618,63.60577382092364,1722.8504644616633
KEN,2026Q2,ADM2,mobile,Lari,146268.633316704,17214.320877075195,11.768976359957076,1.683271301976792,21.0,32.0,23.0,31.61441664532544,50.162917830071954,27.998,2.891115966195141,153.29920799959515,53.02423347664774,7.468753547835019,33.72890447530018,65.71206127077889,57.39939306640568,313.63436376291673
KEN,2026Q2,ADM2,mobile,Likoni,322268.30357575417,276606.95571136475,85.83126315627376,37.14094682866785,52.0,250.0,110.0,15.883110857883144,24.221432743466472,14.7575,3.2320045149831804,37.265591516358434,11.530179287683442,5.352393255703411,25.910295661919054,69.24907197423863,18.9126651996951,6187.3037156102655
KEN,2026Q2,ADM2,mobile,Likuyani,182291.79442164398,9187.74594116211,5.040131384032953,0.9931508533370582,8.0,31.0,9.0,23.45520564882545,31.370104958251694,17.6155,5.358667541284711,68.4462977347477,12.773006947607367,8.321435473873768,50.272021477012004,64.62918372326975,49.385094919323045,605.3142175536703
KEN,2026Q2,ADM2,mobile,Limuru,180244.15876518388,61605.56898498535,34.17895448431316,6.54861127711623,50.0,138.0,60.0,24.591186344521173,51.99075225499668,22.221,4.822028376584271,94.2485371356876,19.545413211037435,9.383385585969783,25.0,85.37711901435615,42.017581366339925,631.5720339909294
KEN,2026Q2,ADM2,mobile,Loima,136334.12900673243,53.490901947021484,0.039235151415666435,0.007651036467255661,2.0,2.0,2.0,5.881,5.881,9.779,5.881,5.881,1.0,1.036,22.0,0.0,0.0,13.987951312137747
KEN,2026Q2,ADM2,mobile,Luanda,122901.43356323242,25298.031860351562,20.58400063115277,4.931088177733927,11.0,27.0,14.0,12.430200081714727,15.976237023687107,12.42,3.5963067029363036,37.65783181002278,10.471251458969283,3.8445488594539383,39.22819186803509,70.63995543710587,21.850667952921413,1473.3963650938756
KEN,2026Q2,ADM2,mobile,Lugari,204070.51146679104,6247.571594238281,3.0614769127262984,1.0179724474806335,10.0,19.0,10.0,7.652105864192135,13.964786627642129,10.876,2.605097138539129,30.523546982712816,11.716855594808887,1.9559684294806792,31.544941502091476,41.16447325094957,36.8528590302953,555.6293241432622
KEN,2026Q2,ADM2,mobile,Lunga Lunga,242236.9621436826,2752.2181091308594,1.1361676949607649,0.09201068698645239,5.0,10.0,5.0,6.822041802525078,12.293411498424849,20.398,6.496,27.90836090025979,4.296237823315854,2.458328671788862,31.53311192409911,30.377968950669814,9.465531968438587,119.94942461282278
KEN,2026Q2,ADM2,mobile,Lurambi,215332.5467967987,92328.70901489258,42.87726606513401,10.189946788265868,44.0,171.0,97.0,27.786987189036086,33.170947641268654,21.843,4.615267422521575,74.37630182079356,16.11527459012498,7.103843295898772,33.0,73.40198794327576,52.9772757946057,1333.68265522289
KEN,2026Q2,ADM2,mobile,Maara,126770.78049123682,13787.940780639648,10.87627663662823,1.2544164642313331,17.0,32.0,19.0,29.337185953798222,44.19587003707529,23.162,3.3157260395791703,133.9637162767269,40.40252864007108,11.711300480012683,35.72042608214856,81.52465683713712,54.991405569997745,250.16807598056056
KEN,2026Q2,ADM2,mobile,Machakos Town,238825.14219614182,64256.762425899506,26.905359224334447,2.61693936914878,53.0,175.0,87.0,27.9539525343065,52.35426474085549,25.053,4.74042598962927,126.71133047288113,26.729945947914846,9.217672757378159,28.150242146589033,77.78833200373,59.79166971176826,315.5893601413693
KEN,2026Q2,ADM2,mobile,Magarini,261314.41840866447,29794.45595741272,11.401765022708299,0.12294851621960846,23.0,91.0,35.0,27.345798541428955,32.983311068233014,25.913,10.828544016187553,64.55647835382219,5.961695151011709,11.567553168452088,31.0,96.08301936606054,61.96903068953902,37.464788862023056
KEN,2026Q2,ADM2,mobile,Makadara,234752.11328125,234752.11328125,100.0,96.57566661659556,31.0,243.0,112.0,27.319989481997716,48.22712696121904,21.033,5.08399249294262,122.49250999971332,24.09376295691863,10.002235575530076,24.77760427062318,88.54906146037482,55.549636769152556,19568.16128521816
KEN,2026Q2,ADM2,mobile,Makueni,277842.3096801411,15955.530807495117,5.7426569862104575,0.28298614168533837,15.0,22.0,21.0,47.774366280057826,56.58262287125359,16.913,14.640763283966383,92.471,6.315995840276187,18.384165641118365,22.851801986224167,98.58516578289219,77.38712080489849,140.33620114704817
KEN,2026Q2,ADM2,mobile,Malava,263390.80776797794,11518.589416503906,4.373193398097127,0.707031913265053,8.0,26.0,9.0,22.4578115823751,24.962212660483953,22.448,2.0123253356867457,59.50274152095143,29.569145935662014,3.2646650890516438,42.90084892309639,73.85204306720566,22.323573671187013,622.5635199164624
KEN,2026Q2,ADM2,mobile,Malindi,252426.75399336536,146750.26767730713,58.135782105396096,3.6841539643100147,57.0,265.0,139.0,14.623155749975076,43.09633648094989,18.981,4.429763425726227,69.06819538346339,15.591847407097179,8.246221975237406,28.0,60.45400520967953,39.184375650704446,437.7145975581534
KEN,2026Q2,ADM2,mobile,Mandera East,188913.51217767084,72429.00772094727,38.33977087505984,0.1897388229915761,13.0,23.0,14.0,43.75276414445711,50.579178054417916,40.252,3.3483965595241894,120.17038535230621,35.888934663516245,27.015194717919968,40.78398777298801,64.10332842400052,64.10332842400052,74.08628509349454
KEN,2026Q2,ADM2,mobile,Mandera North,186875.6567455612,34033.94958496094,18.212082931325583,0.018219834195017923,3.0,3.0,3.0,14.681411032425537,14.99345345429027,25.034,13.597,23.978076553728982,1.7634828678185617,22.049423283090576,47.81036792298233,100.0,9.331612758923885,30.48291221197882
KEN,2026Q2,ADM2,mobile,Mandera South,258148.15151775363,45480.92807006836,17.618149811520343,0.06057847985728083,9.0,13.0,9.0,0.9178212308409557,7.158220222736051,8.543,0.357,27.64271505357354,77.43057437975781,7.549992702460033,52.74351002299383,20.392407840192067,13.532912154928898,46.57843220034464
KEN,2026Q2,ADM2,mobile,Mandera West,127722.4923825128,27275.19024658203,21.355040711933704,0.028797750873928524,4.0,6.0,5.0,45.497645523220775,77.64078522796926,75.2945,22.387,195.2959381860788,8.723631490868755,15.463236481268503,37.357219267055136,100.0,53.99283422501513,24.67762697173877
KEN,2026Q2,ADM2,mobile,Manyatta,202516.9796570395,43462.78598022461,21.4613046539744,2.926842263521499,28.0,58.0,40.0,29.922161855491495,44.939971832612855,30.028,9.47613461266502,112.89903136676645,11.91403836917586,8.542303966560329,28.0,91.33911551768237,58.682836395964614,566.1749406404678
KEN,2026Q2,ADM2,mobile,Maragwa,225495.62373980135,40229.07807922363,17.84029215823888,2.831562729463398,35.0,99.0,49.0,23.693547296888514,39.30215097584968,19.681,2.420195768174196,83.17953100952357,34.36892672210335,10.062057517945535,29.0,78.18551012690203,46.70268073048243,487.9875764692585
KEN,2026Q2,ADM2,mobile,Marakwet East,111152.38638057973,828.9817504882812,0.7458065251517793,0.04612736887263345,1.0,1.0,1.0,5.694,5.694,5.694,5.694,5.694,1.0,4.359,29.0,0.0,0.0,137.16927556724633
KEN,2026Q2,ADM2,mobile,Masinga,167278.08411465096,2151.7823791503906,1.2863504448530014,0.1328351767078928,5.0,7.0,7.0,50.145851322519526,45.04163405226075,25.669,22.642725009786822,64.182,2.8345528187203057,16.880535865913345,29.226114418400712,100.0,93.98867583672765,118.88334205964313
KEN,2026Q2,ADM2,mobile,Matayos,186805.77435779572,45065.77767944336,24.124402917613928,3.2773729648858536,17.0,29.0,21.0,23.136610742720514,38.72482964755436,27.371,1.6723254156195009,113.23982953171756,67.71399183081164,4.61399801013332,37.58197511466541,54.35944142813085,49.431649948580954,963.1752895073328
KEN,2026Q2,ADM2,mobile,Mathare,131269.59765625,131269.59765625,100.0,88.033682978526,7.0,36.0,22.0,32.28117659509064,33.208309154074705,34.833,1.478,106.78557553027107,72.25005110302509,16.942707535529948,29.079378816243064,49.942525553198806,49.942525553198806,44170.99073157295
KEN,2026Q2,ADM2,mobile,Mathioya,117662.89812779427,4091.244338989258,3.4770895533660378,1.0699525057039403,8.0,16.0,8.0,32.76765846143404,31.48022718848718,36.852000000000004,3.114,65.25501821430547,20.955368726495013,10.191100992722342,26.090412740315184,68.72599916898832,68.72599916898832,420.9016850058508
KEN,2026Q2,ADM2,mobile,Mathira,167453.46594972332,32690.13380432129,19.521921280588042,3.5964701459247275,44.0,135.0,63.0,23.422994502818344,33.62129724250925,23.423000000000002,6.07803151158751,59.814896929528835,9.841162688198352,7.528941710384936,28.0,88.47901470153757,47.129100859034146,366.06405362108814
KEN,2026Q2,ADM2,mobile,Matuga,237646.26214975875,50460.6364582777,21.233507315372233,1.8342010528515111,52.0,135.0,67.0,9.892632582187888,28.218205214388405,9.837499999999999,1.8493347296685767,46.750194810827786,25.279466210644294,4.558835064892363,26.57746166169794,46.68620870457288,21.16151790816178,225.390293748703
KEN,2026Q2,ADM2,mobile,Matungu,191580.5951684937,11829.593933105469,6.17473493215815,1.4781943047938109,11.0,15.0,11.0,27.208789720551998,65.03880886375691,20.401,13.656629099574378,218.61232826866353,16.007781032544614,3.6429026135590368,35.24305113705231,92.54516199615982,50.12353443932327,688.5340236466775
KEN,2026Q2,ADM2,mobile,Matungulu,192295.68432234973,13633.460411071777,7.089842114302311,1.415123295426322,22.0,56.0,23.0,17.63762656336008,26.801663237975042,11.874,3.346260893579329,77.97457131452359,23.301999991733478,7.60572845984045,29.0,63.12624229390092,25.427829116934493,330.951288819108
KEN,2026Q2,ADM2,mobile,Mavoko,544367.6802333638,320488.18827056885,58.87347833236159,6.875364807087212,155.0,528.0,299.0,27.273138989181124,55.18715201533662,27.915,6.067940111851866,97.2315831368426,16.023820496667465,8.17799873903441,24.0,86.28108137368415,54.38416739019527,646.1380689726732
KEN,2026Q2,ADM2,mobile,Mbooni,226282.37602615356,4260.177505493164,1.882681974755637,0.41928297704265116,11.0,13.0,11.0,14.83021877533443,13.875843218878929,14.786,2.7781675418189824,22.0776691517041,7.946845832504733,8.897837939087527,34.69107350338211,64.69500439787615,6.668916874164717,230.8476377843213
KEN,2026Q2,ADM2,mobile,Mogotio,115475.33728633201,4551.256935119629,3.9413237857312833,0.13481143459071404,5.0,8.0,5.0,6.636414601652665,10.855768238280449,22.308,6.091,27.367060487502194,4.493032422837333,3.878345089394239,42.66660847117157,23.071472882785194,14.89085563599157,83.26479068475412
KEN,2026Q2,ADM2,mobile,Moiben,235245.04869398847,71688.04299163818,30.473773365105526,2.1210136731166425,44.0,171.0,93.0,17.557050800257144,37.54076552514845,19.756,4.330843009644948,88.84780107234666,20.515128549910333,9.282874723631645,30.06310606946373,79.40001840737068,39.684890000373294,303.2969524391613
KEN,2026Q2,ADM2,mobile,Molo,183757.1573849851,38180.89065551758,20.77790666707242,1.6117539116543125,22.0,51.0,26.0,14.372290297943735,38.84407653310698,12.925999999999998,4.704192053430811,32.10901984516377,6.825618401728808,7.75706744501023,27.89410584501128,73.51691277462422,18.211953902560808,360.0325299090207
KEN,2026Q2,ADM2,mobile,Mosop,189176.3937306517,3966.737548828125,2.0968459492234235,0.5757800741630126,9.0,16.0,9.0,8.740225073696154,23.695169440664948,8.083,2.1120445566372634,90.92050081922997,43.048571363471126,7.1165056234911805,41.771659524716085,45.28501380221282,16.44125324498637,323.6864857735258
KEN,2026Q2,ADM2,mobile,Moyale,179099.49478884327,68399.44226837158,38.19075109564878,0.07177850319376666,18.0,51.0,23.0,22.005433860092463,42.83913688281166,19.3425,2.115515725346668,94.85788405599251,44.83912973062312,15.232063862413604,43.385249635193986,63.357255289338035,48.52090127548374,19.17157606089956
KEN,2026Q2,ADM2,mobile,Msambweni,195932.3021804095,106344.68391418457,54.27623864505256,8.173665273396443,79.0,379.0,139.0,16.887810298245906,38.7316323741262,26.039,3.609055979865297,86.7619191798844,24.040059135664244,9.473648486417439,32.0,80.57040041195309,39.34682022361572,545.2266139889715
KEN,2026Q2,ADM2,mobile,Mt. Elgon,252855.6295298899,10204.31591796875,4.0356293181768,0.11740977637888826,3.0,5.0,3.0,4.17196175120997,8.610302513168566,4.302,3.402,46.19569772681455,13.578982283014271,6.633641385868044,24.349015488444508,9.277654661192637,9.277654661192637,264.70182124244707
KEN,2026Q2,ADM2,mobile,Muhoroni,167457.2203179488,10503.623764038086,6.272422141066832,1.127031614255216,20.0,52.0,27.0,16.363256927943002,19.62531314007903,17.7705,1.3847489804167812,42.16614637585353,30.45038990616363,4.507469107663307,29.38092534712815,72.44371767871623,26.472775355746446,252.36264397953119
KEN,2026Q2,ADM2,mobile,Mukurweni,93136.48295593262,7048.993301391602,7.568455537157036,2.096503137618145,10.0,20.0,11.0,26.06092885503623,28.10766158917441,25.199,3.6041299161238562,57.97152367838803,16.084748615481328,8.913085636771447,33.71111877870672,77.81130548762229,51.06732105554165,522.2385809573119
KEN,2026Q2,ADM2,mobile,Mumias East,142116.77674270608,9227.722930908203,6.493056725888488,1.494144122841921,7.0,15.0,8.0,45.08087956317493,70.86937027179151,40.603,10.737608071384077,122.931,11.448639136644722,10.462891452752627,36.17775995813358,88.61887024261304,71.32411293834245,811.2675814840817
KEN,2026Q2,ADM2,mobile,Mumias West,110902.73481750488,12538.5537109375,11.305901276077833,1.892647494110383,7.0,9.0,7.0,21.91060269253304,38.76345085324334,17.453,3.083671553890622,109.70575846509368,35.576343507362054,2.6839730496996133,34.514397992531336,79.2335362673205,41.25232807343662,801.9358315689411
KEN,2026Q2,ADM2,mobile,Mvita,152456.23706054688,152456.23706054688,100.0,88.911860791669,35.0,746.0,311.0,72.70580126216412,71.85809132223272,50.706,18.823609756110084,129.72122702966965,6.891410771388445,15.287021622078784,30.0,96.1414863225449,75.55156556007941,10409.350091892542
KEN,2026Q2,ADM2,mobile,Mwala,198778.44327497482,3206.951515197754,1.6133296258696943,0.36649952825749144,10.0,12.0,10.0,33.736825085627274,38.66203625746024,25.527,2.3813689924180395,82.83135136725316,34.78308134143726,5.410512557664617,34.66683870430854,65.05345037875378,57.161540554726365,194.94560862330607
KEN,2026Q2,ADM2,mobile,Mwatate,103709.09067823197,5057.723159790039,4.876836858479592,0.07069608313498427,7.0,12.0,7.0,28.12241020526689,35.71625452781456,25.447,13.58155936846465,77.80082574287925,5.728416276228698,29.260194217914183,38.37787862140536,95.12580176948588,76.3516084731583,28.113120946607637
KEN,2026Q2,ADM2,mobile,Mwea,210837.894349877,31317.514355048537,14.853835669160299,2.5091886229684466,29.0,97.0,39.0,19.034561926383983,34.21883778092287,17.047,6.02277305773065,47.71462250995549,7.9223676623030705,8.008814129973835,30.72877254884689,79.74675863752645,41.650159917369145,487.92107559133575
KEN,2026Q2,ADM2,mobile,Mwingi East,140720.96632864705,426.184326171875,0.3028577313607569,0.017612999051560288,2.0,2.0,2.0,6.982611538904396,6.982611538904396,20.2955,4.06,32.9594115389044,8.11808165982867,5.09578139444826,21.89014327606148,9.000682266959432,9.000682266959432,33.15045005896134
KEN,2026Q2,ADM2,mobile,Mwingi North,184309.165779815,425.693302154541,0.23096697353787368,0.015924273275918163,2.0,5.0,2.0,10.325546952309574,10.325546952309574,14.419,9.118,18.807146952309573,2.062639499046893,3.6652526198139137,38.94983539506015,11.389803360776973,0.0,39.24694673907319
KEN,2026Q2,ADM2,mobile,Mwingi West,159788.84133780003,11960.440505981445,7.4851537853613905,0.18992300631935205,6.0,6.0,6.0,13.81543800255296,12.846793881353728,10.9475,5.2572578106527015,16.191,3.0797424404776996,5.456462709383095,19.83154345077912,81.04500328727403,0.0,135.30492865988356
KEN,2026Q2,ADM2,mobile,Naivasha,419604.4309034545,145488.92916297913,34.672877226230774,1.6715416249396504,77.0,193.0,128.0,30.180466611745366,57.42860363543628,26.806,5.491273186525308,177.50261196366972,32.32449123078274,14.876426164930049,29.0,85.1337753803001,60.53888270096009,243.64850482794807
KEN,2026Q2,ADM2,mobile,Nakuru Town East,214940.90544741976,144550.7702484131,67.25140100601932,13.299467953180814,56.0,360.0,134.0,33.71636341530979,71.28754059704862,34.0715,5.750807450798128,230.34417475277115,40.05423181414338,15.163504116997242,27.0,79.85646734982343,53.742042875105255,1365.1801175936869
KEN,2026Q2,ADM2,mobile,Nakuru Town West,261628.40930043164,203099.2334060669,77.62889127718739,9.866984774361972,37.0,141.0,62.0,21.40395981979935,55.06163393583849,21.346,9.728775137822987,160.39527129893463,16.486687072801065,14.675902623417848,28.0,89.60560814276235,42.479669859078086,1865.914447024266
KEN,2026Q2,ADM2,mobile,Nambale,129431.75664138794,3599.5452880859375,2.781037190168926,0.6432786827089645,4.0,6.0,4.0,35.262470720081346,33.963675953553164,31.2785,0.44383738049077015,59.65286397220441,134.40252352391693,3.702164502231395,20.94335284335691,56.22300315642489,56.22300315642489,556.6953470622344
KEN,2026Q2,ADM2,mobile,Nandi Hills,138866.17237075832,12253.117309570312,8.82368765580703,1.617751687148792,17.0,53.0,21.0,18.03103222926029,21.346604523494303,18.28,10.628433375832104,42.49009230197975,3.9977756645299745,7.544534190259149,32.0,92.17354750395998,21.217253600607208,353.4062346053524
KEN,2026Q2,ADM2,mobile,Narok East,139023.66777954216,5068.190258026123,3.6455593058176574,0.16439968533969943,9.0,14.0,9.0,20.03710042914701,29.508399694068476,15.639,8.348301755017957,50.56,6.05632157098414,11.960293339811047,29.14521460401007,88.07160327732726,42.625386832606615,67.94002696252264
KEN,2026Q2,ADM2,mobile,Narok North,314368.86440866085,50674.28470802307,16.119371364382165,0.4116309358216686,30.0,80.0,49.0,21.890527472256153,56.13380102544106,14.8145,8.750924135422636,158.1092297468268,18.067718026124876,6.647261496480053,29.685842923180225,88.48618431450215,44.20017844678509,115.3943138819911
KEN,2026Q2,ADM2,mobile,Narok South,269278.9429113678,6693.013637542725,2.4855317557250314,0.09284774831914161,12.0,40.0,16.0,45.950876285406714,45.93484290953851,24.1585,9.027942664192867,98.515,10.912231464510262,13.174300169103576,38.0,92.45200362105427,62.33567024375374,55.74330508384022
KEN,2026Q2,ADM2,mobile,Narok West,288430.2830357836,11922.495237827301,4.133579564649304,0.19900357733246282,29.0,81.0,34.0,19.720244490652654,41.30643813295707,19.22,6.791402497466242,146.15174554100435,21.520112465066102,6.722492780646908,34.60354654813242,62.7894703210328,34.67812397372402,52.95775995180986
KEN,2026Q2,ADM2,mobile,Navakholo,163939.44852805138,2782.1790161132812,1.697077208135922,0.4360540777442161,3.0,9.0,3.0,45.17084123224225,48.074082072699504,41.221,2.561,94.532,36.91214369386958,6.838426187401335,35.88422257554771,72.86984612166833,72.86984612166833,637.2788174038993
KEN,2026Q2,ADM2,mobile,Ndaragwa,115714.76317073585,10230.973640441895,8.841545676713874,0.6848396359848005,16.0,23.0,17.0,22.434987051538137,25.820107662864277,8.7305,0.9992639490200264,60.98010136108827,61.025018886042254,1.8248609904983049,32.02871190260638,61.3765014017552,49.06570146910283,132.45586946033248
KEN,2026Q2,ADM2,mobile,Ndhiwa,253666.24290513992,6946.171600341797,2.7383113814396505,0.644922100942238,12.0,20.0,12.0,11.199473058864076,35.08475543472633,19.4405,4.799027246652078,97.98032467402507,20.416705227580987,21.50490944534186,27.540795337320986,53.157084306979726,35.75373047636635,364.6442855659825
KEN,2026Q2,ADM2,mobile,Ndia,188447.9072610885,16363.5927734375,8.68335075261211,2.6480835091963617,24.0,67.0,32.0,22.037586613277174,37.28497670175278,17.8005,5.04378119109072,99.81734243697204,19.790180948628045,13.021475660397975,28.25542006647115,80.23111048904977,42.8252353026007,556.1313984167714
KEN,2026Q2,ADM2,mobile,Nithi,152955.40640911693,15803.677673339844,10.332212534592607,0.6886522062883033,11.0,19.0,15.0,47.64235738274656,50.415886442161955,46.575,7.639159734554611,91.93309064027586,12.034450624776191,18.192251608334853,33.501684945803405,84.16227858107979,84.16227858107979,256.0939280741363
KEN,2026Q2,ADM2,mobile,Njoro,299231.98517895845,45970.36088562012,15.362783112282305,1.2428299173263706,26.0,76.0,36.0,14.775593668629945,25.64218542122271,13.0515,3.7712474278737536,44.43158801532925,11.781668762152787,5.321131340310419,29.0,65.2568457195694,30.525839855885856,382.54266116689826
KEN,2026Q2,ADM2,mobile,North Horr,174821.0560744067,30455.56573486328,17.420994025971847,0.0036762794400258627,4.0,10.0,4.0,12.6042423393589,11.770338433350014,11.815999999999999,3.6480727394045314,20.994025966609858,5.754826580030495,18.23612078073096,47.7059643302527,86.84253975131054,0.0,4.310947493625713
KEN,2026Q2,ADM2,mobile,North Imenti,199951.7920641025,71357.65194702148,35.68742805973199,5.56396482703142,45.0,290.0,80.0,30.869017850523548,58.325597505038004,25.287,3.8888899573700786,144.80109085332293,37.23455598914578,11.744261914330256,34.37107633199297,83.89497534918097,61.620171619310895,661.1653347925146
KEN,2026Q2,ADM2,mobile,North Mugirango,131507.0266265869,6182.831298828125,4.701521627725811,0.6585796780330302,3.0,4.0,3.0,5.431084648378064,10.401470795015927,7.343,2.937,35.42246250450752,12.060763535753328,4.309935224689595,70.86786897486243,18.931259461595673,18.931259461595673,772.1171184263021
KEN,2026Q2,ADM2,mobile,Nyakach,164769.98684245022,11727.861251831055,7.117716931691572,1.3925143557659356,15.0,61.0,23.0,26.97443160387389,37.854402938346965,17.088,3.6609621402203847,111.79670660115389,30.537520553114458,8.464718402806461,30.042739162655145,63.84243141479916,59.623813446138165,409.08435748867845
KEN,2026Q2,ADM2,mobile,Nyali,414884.13037109375,414884.13037109375,100.0,88.21170005624312,54.0,479.0,221.0,38.77346285745493,65.77279402352607,44.510999999999996,14.191198702224346,144.88974540154535,10.209831349823546,14.917263836177483,25.0,97.90697729227763,74.62839194688374,18214.65536102315
KEN,2026Q2,ADM2,mobile,Nyando,181714.6435528081,22025.240966796875,12.120784839443123,1.0553579863991922,17.0,26.0,21.0,28.169431003223856,43.3413237838477,22.852,6.801832792109678,122.80245544935913,18.054318476016274,7.025698231410448,30.462284280998965,73.84299961491048,51.25680223485601,301.68759645542406
KEN,2026Q2,ADM2,mobile,Nyaribari Chache,220952.22421264648,78606.40185546875,35.57619849068241,10.476479669418312,38.0,154.0,79.0,23.4262029839641,36.01439400069064,18.438000000000002,5.468107809959874,87.1672842668329,15.941032491726336,7.763897806230456,34.0,72.9372807321158,47.15404103893357,1629.3259426512316
KEN,2026Q2,ADM2,mobile,Nyaribari Masaba,128876.57946014404,10248.384155273438,7.95209199235678,2.591533021838257,11.0,25.0,11.0,12.994501856120703,32.05862342513443,18.289,2.425808203666344,76.56376826895617,31.562168910649405,2.0904497047937034,25.53933641131389,55.48669729090992,19.701066175460298,812.1563116390212
KEN,2026Q2,ADM2,mobile,Nyatike,199451.18550658275,2285.790069580078,1.1460398511918783,0.12320995661889403,4.0,8.0,4.0,63.40537398376463,51.53068602246259,41.730000000000004,10.617666974829456,71.896,6.7713557197111856,26.50535522218252,41.83090347802306,85.79925260847455,68.72693389836893,164.34929168746166
KEN,2026Q2,ADM2,mobile,Nyeri Town,157518.2356802225,77834.49716949463,49.413007220006136,10.154860914008694,46.0,169.0,78.0,32.33344906682186,40.68307793525151,28.494500000000002,9.426073277493032,68.20425632124481,7.235701899761222,12.351819972351269,29.0,88.94666621156658,68.54229124773063,930.0014441654096
KEN,2026Q2,ADM2,mobile,Ol Jorok,178920.15631065078,11615.507293701172,6.49200600603864,1.0163268725009516,17.0,21.0,19.0,19.669372088992976,62.777703095808164,10.276,2.838253872511662,216.41678655631526,76.24997490615634,5.921594484128271,36.0,59.294228052559305,47.4665074884235,286.060623851176
KEN,2026Q2,ADM2,mobile,Ol Kalou,70050.56546211243,12383.970222473145,17.67861564111305,1.6933707207055695,13.0,34.0,19.0,18.347519651732195,18.61106870394169,15.768,1.0003190007373495,40.35300006588387,40.34013153417969,5.838151356735235,62.475762046314195,64.12457679175789,20.450802933328127,244.02970129170367
KEN,2026Q2,ADM2,mobile,Othaya,94108.57796061825,7141.418975830078,7.588488882297805,0.6296150710257291,6.0,14.0,8.0,22.48246148342176,22.41935665722378,11.033,6.264772790474086,36.76,5.867730758870537,8.610444942993706,28.964167826677482,79.7908997203312,47.901799861840956,264.12129049605613
KEN,2026Q2,ADM2,mobile,Pokot South,247082.58060871117,3138.633198738098,1.2702770025332342,0.2062737695202831,7.0,15.0,7.0,4.262951835512052,25.29488290317663,19.615,1.411,46.89930117428334,33.23834243393574,8.902967123528397,31.909422347766412,35.59435438980409,18.591612981920065,194.8148009341029
KEN,2026Q2,ADM2,mobile,Rabai,165823.87432336807,7965.431304931641,4.803549149622747,0.6365669423043361,4.0,5.0,4.0,48.80012401149841,56.925872241688545,21.983,6.611,95.232,14.405082438360308,19.717580703905067,27.12570382619934,75.23590987960034,71.68985574098491,709.0343541545183
KEN,2026Q2,ADM2,mobile,Rangwe,124586.25073479116,2106.739288330078,1.6909885929665942,0.2572073226977859,2.0,4.0,2.0,29.188459639202243,29.18845963920224,19.0835,4.760459639202242,34.351,7.215899850745618,9.210494088120786,33.01441762452224,83.09303959129602,83.09303959129602,428.53467634940307
KEN,2026Q2,ADM2,mobile,Rarieda,172725.35375896146,5265.4724197387695,3.0484652687912543,0.49630535945374077,9.0,9.0,9.0,10.367605478814271,18.46732963000926,13.882,6.444,53.43442086990733,8.29211993636054,5.886003914404327,29.03628806421177,54.166114394186074,20.621362096944225,254.73187568148379
KEN,2026Q2,ADM2,mobile,Rongai,217894.83110231592,31045.860664367676,14.248094141246337,1.388994475837825,38.0,80.0,50.0,26.16433407463915,44.685680106521424,21.505,3.7292242151440576,123.13615053363353,33.019240311051355,17.72949780209476,29.0,81.22123259274223,50.65889139344254,213.0012858000106
KEN,2026Q2,ADM2,mobile,Rongo,147450.31076049805,28441.048065185547,19.28856434313118,3.1608212987923054,18.0,26.0,20.0,11.780286475022633,25.171899534805746,11.8275,5.305232250710411,74.25908491248076,13.9973296932546,4.620031432902604,35.98099184037148,85.149516721473,25.047399676094027,692.5765352112719
KEN,2026Q2,ADM2,mobile,Roysambu,508949.8553161621,420933.4582519531,82.70627329100374,54.6622293875135,70.0,335.0,198.0,44.351003255260046,87.53454676099012,41.893,7.73473590478004,206.62517935310268,26.71392816727059,12.970715280107976,24.0,81.70901782746692,63.06167768552815,10633.31088810737
KEN,2026Q2,ADM2,mobile,Ruaraka,129016.0986328125,118474.5224609375,91.82925519870435,77.85995375827594,15.0,62.0,45.0,61.97053792006858,78.26506624574063,67.561,21.50437384859712,140.58923670518323,6.537704268676246,9.22506297743003,23.66161267312593,100.0,79.83195035771688,17917.76717008947
KEN,2026Q2,ADM2,mobile,Ruiru,403054.8120664358,358212.35457229614,88.87435253179703,21.014199303982572,86.0,383.0,203.0,31.014109438474332,54.60220017239999,27.7075,7.041972575824508,130.14146898389285,18.480825874084754,8.974528604026487,25.0,84.01886180333165,53.83937840051588,2634.977796897044
KEN,2026Q2,ADM2,mobile,Runyenjes,163755.703957201,6234.6214599609375,3.8072697984251045,0.6028897315563508,6.0,8.0,6.0,24.308757765452242,38.92346079460675,19.951,2.4538324504562015,97.55229412190114,39.755075414283,10.481814664885917,42.835724463579695,76.10936883584587,59.53121390349172,440.068184086167
KEN,2026Q2,ADM2,mobile,Sabatia,137552.40014648438,11191.551391601562,8.136209458855888,2.678056650545074,8.0,13.0,9.0,15.348333250466133,36.67031686391514,13.925999999999998,3.797330504559947,115.40578864086218,30.39129422689953,7.7607834144824706,30.0,50.762013586343116,41.260686815403666,1231.4361255670851
KEN,2026Q2,ADM2,mobile,Saboti,250393.06393039395,67176.43829345703,26.828394221068045,2.003009333616195,19.0,50.0,30.0,26.05183782024196,36.30339985554888,27.067,4.9878176080761705,84.0872021426358,16.858515837965598,9.170803344379568,29.298890129116984,89.75568667814035,52.159541472368346,706.1538879908124
KEN,2026Q2,ADM2,mobile,Saku,111661.06742134337,33943.43948364258,30.398634248730534,0.0910835738723103,5.0,12.0,9.0,98.1588160843029,85.08944310467811,38.937,1.6181823922252787,152.305,94.12103402667388,20.739166248052832,36.52425657482107,61.02516966321569,61.02516966321569,54.4884055690265
KEN,2026Q2,ADM2,mobile,Samburu East,92075.29572054844,743.7689390182495,0.8077833833687733,0.033438096367348166,9.0,15.0,10.0,26.651044406851508,23.49513136831095,16.686,9.042897155915895,46.85933496423884,5.1818940496943835,9.48452339228832,33.54779440108985,82.4150433191312,70.99642570172733,9.15125994931071
KEN,2026Q2,ADM2,mobile,Samburu North,103023.05419123893,1717.9017333984375,1.667492530564608,0.013219767857876326,3.0,6.0,3.0,26.294712207778076,26.022190898832104,26.095,23.823,27.67,1.1614826008479202,27.649,24.0,100.0,69.60883251258025,12.148393998948292
KEN,2026Q2,ADM2,mobile,Samburu West,197892.66268325376,65994.82719421387,33.348799444800505,0.33222610970556127,22.0,116.0,35.0,83.28425630727229,84.6718711413406,58.525999999999996,14.640558680891704,149.06361579563972,10.181552428746578,24.025902375305495,38.1980201656639,93.05983707545143,83.474049150879,79.94641430518244
KEN,2026Q2,ADM2,mobile,Seme,146774.70415519923,9473.626525878906,6.45453627749201,1.332084137499363,16.0,27.0,17.0,22.70807238698486,26.488491747842684,22.817,2.412885001833723,62.24281108329171,25.79601225752117,9.20384825049331,29.71667499792624,66.05694228600825,39.86629636267218,326.79619251275295
KEN,2026Q2,ADM2,mobile,Shinyalu,176386.563718755,15893.229736328125,9.010453745031041,1.007024492424885,11.0,39.0,13.0,12.081673696960168,16.456032313767434,11.325,4.053416086549082,45.96343895847837,11.339432709857778,2.017174828142638,34.532991211877665,55.90958668694183,17.738274599210733,431.850578185714
KEN,2026Q2,ADM2,mobile,Siakago,126541.66865380155,4431.68701171875,3.502156292756942,0.29129137789114473,6.0,12.0,6.0,15.209753052364281,25.673778820661582,17.2795,3.6439074965106366,53.81006671617853,14.767133020721966,17.202722620888224,56.734923888012,92.00811375927643,35.931434443998214,164.30966772080515
KEN,2026Q2,ADM2,mobile,Sigor,131238.43693254812,297.6368408203125,0.22679090651871084,0.0173780934084145,1.0,1.0,1.0,38.657,38.657,38.657,38.657,38.657,1.0,2.922,37.0,100.0,100.0,61.03251002219158
KEN,2026Q2,ADM2,mobile,Sigowet/Soin,145005.8697317914,10825.924634933472,7.465852696140874,1.528036737290233,19.0,35.0,22.0,11.778742551231584,16.15767058277988,15.474,5.706662404546541,32.48736760192667,5.692884088612591,3.423019467123723,30.964364148076044,76.63133007641838,18.348892424562873,311.8846017198464
KEN,2026Q2,ADM2,mobile,Sirisia,140465.1717224121,2181.352294921875,1.5529488685157293,0.7117315971934204,4.0,7.0,4.0,95.76505827028029,142.38865678540884,49.212999999999994,43.519,259.09,5.953491578391048,0.7910624046500487,38.05252207675015,100.0,100.0,668.5201350103192
KEN,2026Q2,ADM2,mobile,Sotik,232258.001624465,13926.809631347656,5.996266881631806,1.3367412166921084,17.0,49.0,23.0,16.608935519884117,18.86526971450991,12.408,1.9728038546559674,45.617138619767445,23.12299751042534,4.600666020731505,30.5096631376329,68.52242446384209,23.88636806883068,488.48215254877204
KEN,2026Q2,ADM2,mobile,South Imenti,231422.28525157116,24698.60929107666,10.672528475046237,1.5284190819998535,27.0,55.0,31.0,12.369246789217163,25.234180454818226,11.167,2.660104325355922,65.92137186103238,24.781498692616918,4.022012960510318,35.0,59.543437773524786,33.805353242586264,350.34668855510574
KEN,2026Q2,ADM2,mobile,South Mugirango,182087.2113571167,8710.265991210938,4.783568228813179,0.9014471604163946,5.0,9.0,5.0,5.7552981988969405,13.369290270400468,5.28,1.7567395418007643,34.361,19.559530130902555,3.8092233875748187,26.0,30.01402336242316,30.01402336242316,878.1189033717385
KEN,2026Q2,ADM2,mobile,Soy,243907.35136449506,36056.970878601074,14.783060320604093,1.482954343230889,26.0,95.0,39.0,15.038482901781386,19.729296276849364,14.297,5.839940783367148,44.96208206948896,7.6990647229756775,12.295813040925111,35.0,69.58840211803302,17.018798948495043,372.09761673878427
KEN,2026Q2,ADM2,mobile,Starehe,204721.15869140625,204721.15869140625,100.0,95.5306731344135,43.0,681.0,402.0,84.0642255149769,95.98480099719727,82.666,17.977603988501325,167.1015892683046,9.29498666091347,19.540726485489504,26.13203833066756,96.82557333523731,85.21750478675571,12169.407403662279
KEN,2026Q2,ADM2,mobile,Suba North,135574.19789640236,8277.959579467773,6.105851782942719,0.42755888870676967,12.0,30.0,14.0,8.242850295966177,16.34466811872197,10.3245,1.0990570470301304,47.832861697700444,43.52172785475904,2.9267410150173503,42.0,48.52967052380864,28.65724070615256,129.19022227109843
KEN,2026Q2,ADM2,mobile,Suba South,137523.77103418135,1596.517349243164,1.1609028295525374,0.12734400164800994,4.0,7.0,4.0,25.484714478894432,28.9083290046185,31.905,9.736511321045878,61.06018694676605,6.271259276901563,6.7855055152765456,35.86099361945252,80.11559871803098,34.62093876306862,117.10142001838463
KEN,2026Q2,ADM2,mobile,Subukia,104489.04376620059,1476.7293167114258,1.4132862771868033,0.3295029940164968,4.0,4.0,4.0,6.051484588378946,6.962843297648965,12.125499999999999,3.818,15.696242268735437,4.111116361638406,3.1049494920171234,25.41848513488814,19.017752972826845,0.0,230.18827788090874
KEN,2026Q2,ADM2,mobile,Suna East,147668.1455078125,25338.999755859375,17.159421667226663,3.431052845366305,19.0,42.0,26.0,17.01417964614748,20.527676183452602,15.894,5.667113572796202,36.42770571261094,6.427911712847004,4.620194247975987,30.11495408506455,79.3022749459502,21.812530191368968,713.3851604050687
KEN,2026Q2,ADM2,mobile,Suna West,171372.7105398178,16030.679016113281,9.354277565907212,1.8466534386551332,14.0,48.0,21.0,14.160164741265463,29.030445934862627,9.243500000000001,1.164897402330856,89.84659192924452,77.12833057183362,2.2122452440394156,36.0,66.96608523405465,30.102378173618433,604.7332821924216
KEN,2026Q2,ADM2,mobile,Tarbaj,64682.45236162726,13908.9814453125,21.503485006335314,0.019801658152288192,4.0,7.0,4.0,11.62097223065002,11.827940228681909,11.5265,11.387,12.51,1.0986212347413717,9.776476424402828,39.0,100.0,0.0,8.576609421102848
KEN,2026Q2,ADM2,mobile,Taveta,114789.16538078332,23811.725677490234,20.743879092160835,0.06508025166001774,7.0,18.0,12.0,20.039388877327028,25.719350304580207,36.255,8.582,48.89088660946856,5.69691058138762,20.45050387730721,35.4407405511466,71.81587732254668,32.688681243219406,28.64079599263455
KEN,2026Q2,ADM2,mobile,Teso North,155726.9866027832,11264.897186279297,7.233747619488045,1.325004104692776,9.0,26.0,13.0,11.066708935312953,12.802720570740215,15.719,2.7487982869449676,21.264331431427777,7.735864625796568,6.299946517396513,36.27404717755946,67.35625888365257,4.2711245287818755,613.2049799268799
KEN,2026Q2,ADM2,mobile,Teso South,178867.58588027954,10674.382934570312,5.967757032129309,1.105940769989446,9.0,11.0,10.0,12.3030766695509,15.52999587151105,12.195,1.2394043367597798,36.30013091077487,29.288368480035846,4.626262045156595,31.976823800145734,76.35324452867647,10.480983184117179,587.8505269993395
KEN,2026Q2,ADM2,mobile,Tetu,80082.78982921706,7040.889099121094,8.79201275846702,1.1487700559402507,11.0,22.0,11.0,34.5167257745912,46.91375430046696,34.166,20.431420502536042,117.33738276157943,5.7429870207514435,9.949752732964983,27.031475822508195,91.97643163948625,62.594125150946255,223.67724187993295
KEN,2026Q2,ADM2,mobile,Tharaka,130570.60391090161,1167.751127243042,0.8943445861978923,0.15179869786947198,6.0,10.0,6.0,16.955734160310048,45.48596513445526,26.8525,10.902,152.4462199989147,13.983325995130683,4.068449807447316,42.44273015069031,100.0,26.87939609645501,88.34437822934923
KEN,2026Q2,ADM2,mobile,Thika Town,392053.0310795015,252381.453125,64.37431498235794,12.765311944210753,75.0,244.0,166.0,24.48751603117037,53.25272334153014,24.585,7.637510979829082,147.4241162871566,19.302638867100626,12.974160468340958,23.76620017941991,87.45372180554433,47.1971046563677,1785.1498383072035
KEN,2026Q2,ADM2,mobile,Tiaty,173547.54720372276,5533.151947021484,3.188262834119037,0.016814070011640106,2.0,4.0,2.0,12.229319658815013,12.229319658815013,17.5785,11.263,22.334119658815013,1.9829636561142692,4.061959681291837,27.770488561757183,100.0,0.0,39.0284152370138
KEN,2026Q2,ADM2,mobile,Tigania East,203408.59869082202,20282.521680355072,9.971319703737892,0.8079460123644953,18.0,50.0,19.0,16.177791801365604,35.74650949084084,21.707,3.0091761670358887,75.90026427523037,25.222938127279523,10.582313430683064,33.03142622973859,83.25788263561529,43.67238972995318,244.17427638800964
KEN,2026Q2,ADM2,mobile,Tigania West,141674.4411997199,8980.622741699219,6.338915238097988,1.2437764877486739,13.0,26.0,13.0,16.922635858439694,19.66518439006721,19.096,8.374308854544674,26.590094988023687,3.1751987477263204,5.957396531257395,55.364816420275226,87.17518966064115,9.019374107573826,362.4987664743657
KEN,2026Q2,ADM2,mobile,Tinderet,121344.83577193513,3544.654006958008,2.9211412124864586,0.7580052394077373,11.0,24.0,12.0,21.35387342091043,21.324546969137586,20.744,11.72548923984453,31.837697082441704,2.715255323782451,3.721082007521663,34.395368908748516,95.91161169224887,44.622921209460365,223.6215185399082
KEN,2026Q2,ADM2,mobile,Tongaren,252006.91454696655,3998.8836364746094,1.5868150457948396,0.597765432889537,6.0,10.0,6.0,14.863773961150379,23.209658247347612,14.7915,6.441982014023948,51.206110073109244,7.948812952540927,4.7256741129816895,38.545175526109695,64.72746807487219,31.722462764056182,671.562588326891
KEN,2026Q2,ADM2,mobile,Turbo,324572.55579566956,124666.05054473877,38.409301192803454,5.673629116856113,66.0,217.0,102.0,25.5772854483994,46.08065978119337,20.101,5.419523448399837,141.93092029446973,26.188819302253616,13.721544170839623,34.0,72.42507716335035,51.84847639159107,746.2530084864412
KEN,2026Q2,ADM2,mobile,Turkana Central,212385.01497325717,25293.151565551758,11.909103647795767,0.050715635033775984,9.0,11.0,9.0,23.880561211702638,22.844064896109202,20.056,8.150727614931775,34.94604585719563,4.2874756105425496,13.668790966398928,36.74423171354167,85.7436989125509,8.653642075592616,32.10008424734195
KEN,2026Q2,ADM2,mobile,Turkana North,124048.44485303634,313.6702575683594,0.2528610962757117,0.0018146455795443038,1.0,1.0,1.0,10.542,10.542,10.542,10.542,10.542,1.0,6.654,47.0,100.0,0.0,6.056500414040148
KEN,2026Q2,ADM2,mobile,Turkana South,176554.05740183112,11903.845024108887,6.742323115812702,0.020127216667638493,4.0,4.0,4.0,23.39255721827957,26.948159488808436,35.24,1.548,113.96743523458062,73.62237418254561,3.227896971566354,31.60495289143137,51.50820544265834,51.47340677141372,23.794870490020806
KEN,2026Q2,ADM2,mobile,Turkana West,267980.85327903624,28038.72509765625,10.462958362350166,0.015218227695519924,6.0,18.0,6.0,21.527433588455846,26.294339194315675,26.770000000000003,5.2206376964439665,49.28652331782053,9.440709389083255,4.5536796494353275,41.79593477490616,85.30449368565647,43.51618434249409,18.254808462414406
KEN,2026Q2,ADM2,mobile,Ugenya,156724.03540420532,4346.3175048828125,2.773229705114005,0.934069783542513,8.0,8.0,8.0,6.641351625033459,16.91626954358531,6.7865,1.7543923075745846,61.86462013185227,35.262705989277265,8.98779173959533,28.116211616748554,29.394509338047797,19.70357603656764,489.37866719346147
KEN,2026Q2,ADM2,mobile,Ugunja,120572.28909778595,13033.31021118164,10.809540325315902,2.435798809434571,13.0,21.0,15.0,3.4077753395321597,11.851163731702067,7.249,1.2234024048157974,25.467438698277387,20.816894423312757,4.831849482484826,27.28348230037771,26.560605937251253,10.632819499841654,604.174973235237
KEN,2026Q2,ADM2,mobile,Uriri,164478.78754997253,426.28021240234375,0.25917032752495806,0.09737961228358964,1.0,1.0,1.0,2.453,2.453,2.453,2.453,2.453,1.0,0.435,29.0,0.0,0.0,428.4685892385937
KEN,2026Q2,ADM2,mobile,Vihiga,98601.86338806152,25477.41485595703,25.838674828777908,7.515689318310677,18.0,40.0,25.0,21.086277147653696,20.303458379633195,11.4875,1.2568424292581848,43.57423835134526,34.669611191486986,6.116692919519953,30.807363851060337,77.71106978633804,42.60860273408383,1101.0175591694413
KEN,2026Q2,ADM2,mobile,Voi,123579.52601033429,41843.52509641647,33.85959345152151,0.151980267770727,35.0,87.0,43.0,16.29345885633759,24.282094981517773,17.579,2.3540831057027085,76.40369724155885,32.45581987164037,3.4403712328947877,24.25677719564292,62.639688169962604,30.168309229884088,14.401341966220887
KEN,2026Q2,ADM2,mobile,Wajir East,132682.38628600287,40784.23193359375,30.738241205340923,0.15708113633349924,18.0,72.0,24.0,22.729223306887743,50.01764914782086,21.2805,6.6010713888990145,141.72139951504613,21.469454148515684,10.133158924250228,31.0,80.38436552089038,49.86084837223409,30.99467393227104
KEN,2026Q2,ADM2,mobile,Wajir North,119618.03697908195,5591.59521484375,4.6745418634662705,0.007169062207427213,2.0,3.0,2.0,8.926974511131078,8.926974511131078,18.976,6.287,29.22937451113108,4.6491767951536636,33.22701225926153,49.0637650484601,10.402610572665605,10.402610572665605,11.501025245985526
KEN,2026Q2,ADM2,mobile,Wajir South,357714.3710837121,20697.153602600098,5.785944115104217,0.0034639248726976686,2.0,2.0,2.0,20.971366346404203,20.971366346404203,30.519,20.855,36.433766346404205,1.7470039005708082,36.57610396677072,33.94581451171162,100.0,0.6020609809820026,16.575087226130233
KEN,2026Q2,ADM2,mobile,Wajir West,81980.2364892162,0.0,0.0,0.009198294608437154,2.0,6.0,2.0,18.421319903512007,18.421319903512007,17.9505,11.106,24.795,2.2325769854132904,1.8276195183155695,29.20636419176507,100.0,0.0,10.090554921392416
KEN,2026Q2,ADM2,mobile,Webuye East,125562.85626220703,16958.598876953125,13.506063323009535,2.278711174009735,10.0,18.0,11.0,18.196823715954874,22.517404731417454,18.485500000000002,0.5222789011468505,64.13359301815056,122.79568038709256,6.0884239620016825,41.83139865800797,69.14867463440878,38.121151847477165,765.2660805277452
KEN,2026Q2,ADM2,mobile,Webuye West,179915.5007003547,16528.244140625,9.186670451565163,1.8997579579184707,12.0,31.0,21.0,12.164595539242697,19.739039717845273,8.809000000000001,1.3741092521710148,55.40747083187565,40.322463984821425,8.848738074532523,28.15982883235052,48.65520014587078,24.735333560264987,761.8122833323417
KEN,2026Q2,ADM2,mobile,West Mugirango,161229.74182128906,19960.41534423828,12.380107490566404,3.1214629460606034,15.0,35.0,19.0,13.79987639593961,18.926638005430945,18.826,1.8712607934983647,40.402418586165425,21.59101431855053,1.0451692852569998,39.26151496918509,75.74984264892326,26.754036756312534,897.3624516120553
KEN,2026Q2,ADM2,mobile,Westlands,250894.52341365837,214402.70184326172,85.45531362187953,53.175480400149254,103.0,648.0,377.0,50.787044139988865,75.53963207055855,65.572,11.201261607409885,168.7935673017027,15.069156780522114,14.510189082182839,24.7083268905521,89.9518259515804,69.82600869284293,3465.6286579225275
KEN,2026Q2,ADM2,mobile,Wundanyi,52204.59445811163,927.7852172851562,1.7772098929522393,0.04374941322922841,1.0,1.0,1.0,40.729,40.729,40.729,40.729,40.729,1.0,16.823,48.0,100.0,100.0,61.2956238024107
KEN,2026Q2,ADM2,mobile,Yatta,194133.91090276092,11903.327095031738,6.131503269922768,0.4935677167473967,14.0,41.0,18.0,43.54598659446329,60.229386924430486,16.6345,6.106613107563957,110.202,18.046337316424758,10.193832020099755,59.39727991279478,81.06585024949437,70.12710548253243,183.11898284794253
